-- phpMyAdmin SQL Dump
-- version 5.2.1
-- https://www.phpmyadmin.net/
--
-- Host: 127.0.0.1
-- Generation Time: Dec 05, 2024 at 09:09 AM
-- Server version: 10.4.32-MariaDB
-- PHP Version: 8.2.12

SET SQL_MODE = "NO_AUTO_VALUE_ON_ZERO";
START TRANSACTION;
SET time_zone = "+00:00";


/*!40101 SET @OLD_CHARACTER_SET_CLIENT=@@CHARACTER_SET_CLIENT */;
/*!40101 SET @OLD_CHARACTER_SET_RESULTS=@@CHARACTER_SET_RESULTS */;
/*!40101 SET @OLD_COLLATION_CONNECTION=@@COLLATION_CONNECTION */;
/*!40101 SET NAMES utf8mb4 */;

--
-- Database: `db_itproblem`
--

-- --------------------------------------------------------

--
-- Table structure for table `branches`
--

CREATE TABLE `branches` (
  `id` bigint(20) UNSIGNED NOT NULL,
  `code` varchar(255) NOT NULL,
  `name` varchar(255) NOT NULL,
  `created_at` timestamp NULL DEFAULT NULL,
  `updated_at` timestamp NULL DEFAULT NULL
) ENGINE=InnoDB DEFAULT CHARSET=utf8mb4 COLLATE=utf8mb4_unicode_ci;

--
-- Dumping data for table `branches`
--

INSERT INTO `branches` (`id`, `code`, `name`, `created_at`, `updated_at`) VALUES
(14, 'SV', 'ICA Service', NULL, NULL),
(15, 'JG', 'JAKARTA GLODOK', '2024-11-21 00:05:39', '2024-11-21 00:05:39'),
(16, 'MGK', 'MEGA GLODOK KEMAYORAN', '2024-11-21 00:06:46', '2024-11-21 00:06:46'),
(17, 'JK', 'JAKARTA KAPUK', '2024-11-21 02:15:45', '2024-11-21 02:15:45'),
(18, 'BD', 'ICA BANDUNG', '2024-11-21 02:56:36', '2024-11-21 02:56:36'),
(19, 'RS', 'ROXY', '2024-11-24 21:27:21', '2024-11-24 21:27:21'),
(20, 'SMG', 'SEMARANG', '2024-12-02 23:11:14', '2024-12-02 23:11:14'),
(21, 'BG', 'BOGOR', '2024-12-03 20:50:37', '2024-12-03 20:50:37'),
(22, 'BT', 'BATAM', '2024-12-03 20:59:09', '2024-12-03 20:59:09'),
(23, 'TA', 'ICA TANGERANG', '2024-12-03 21:00:26', '2024-12-03 21:00:26');

-- --------------------------------------------------------

--
-- Table structure for table `cache`
--

CREATE TABLE `cache` (
  `key` varchar(255) NOT NULL,
  `value` mediumtext NOT NULL,
  `expiration` int(11) NOT NULL
) ENGINE=InnoDB DEFAULT CHARSET=utf8mb4 COLLATE=utf8mb4_unicode_ci;

-- --------------------------------------------------------

--
-- Table structure for table `cache_locks`
--

CREATE TABLE `cache_locks` (
  `key` varchar(255) NOT NULL,
  `owner` varchar(255) NOT NULL,
  `expiration` int(11) NOT NULL
) ENGINE=InnoDB DEFAULT CHARSET=utf8mb4 COLLATE=utf8mb4_unicode_ci;

-- --------------------------------------------------------

--
-- Table structure for table `categories`
--

CREATE TABLE `categories` (
  `id` bigint(20) UNSIGNED NOT NULL,
  `name` varchar(255) NOT NULL,
  `slug` varchar(255) NOT NULL,
  `created_at` timestamp NULL DEFAULT NULL,
  `updated_at` timestamp NULL DEFAULT NULL
) ENGINE=InnoDB DEFAULT CHARSET=utf8mb4 COLLATE=utf8mb4_unicode_ci;

--
-- Dumping data for table `categories`
--

INSERT INTO `categories` (`id`, `name`, `slug`, `created_at`, `updated_at`) VALUES
(9, 'Hardware', 'hardware', '2024-11-13 18:50:34', '2024-11-14 00:48:29'),
(10, 'Software', 'software', '2024-11-13 19:34:17', '2024-11-13 19:34:17'),
(11, 'SDM', 'sdm', '2024-11-18 07:43:15', '2024-11-18 07:43:15');

-- --------------------------------------------------------

--
-- Table structure for table `failed_jobs`
--

CREATE TABLE `failed_jobs` (
  `id` bigint(20) UNSIGNED NOT NULL,
  `uuid` varchar(255) NOT NULL,
  `connection` text NOT NULL,
  `queue` text NOT NULL,
  `payload` longtext NOT NULL,
  `exception` longtext NOT NULL,
  `failed_at` timestamp NOT NULL DEFAULT current_timestamp()
) ENGINE=InnoDB DEFAULT CHARSET=utf8mb4 COLLATE=utf8mb4_unicode_ci;

-- --------------------------------------------------------

--
-- Table structure for table `jobs`
--

CREATE TABLE `jobs` (
  `id` bigint(20) UNSIGNED NOT NULL,
  `queue` varchar(255) NOT NULL,
  `payload` longtext NOT NULL,
  `attempts` tinyint(3) UNSIGNED NOT NULL,
  `reserved_at` int(10) UNSIGNED DEFAULT NULL,
  `available_at` int(10) UNSIGNED NOT NULL,
  `created_at` int(10) UNSIGNED NOT NULL
) ENGINE=InnoDB DEFAULT CHARSET=utf8mb4 COLLATE=utf8mb4_unicode_ci;

-- --------------------------------------------------------

--
-- Table structure for table `job_batches`
--

CREATE TABLE `job_batches` (
  `id` varchar(255) NOT NULL,
  `name` varchar(255) NOT NULL,
  `total_jobs` int(11) NOT NULL,
  `pending_jobs` int(11) NOT NULL,
  `failed_jobs` int(11) NOT NULL,
  `failed_job_ids` longtext NOT NULL,
  `options` mediumtext DEFAULT NULL,
  `cancelled_at` int(11) DEFAULT NULL,
  `created_at` int(11) NOT NULL,
  `finished_at` int(11) DEFAULT NULL
) ENGINE=InnoDB DEFAULT CHARSET=utf8mb4 COLLATE=utf8mb4_unicode_ci;

-- --------------------------------------------------------

--
-- Table structure for table `migrations`
--

CREATE TABLE `migrations` (
  `id` int(10) UNSIGNED NOT NULL,
  `migration` varchar(255) NOT NULL,
  `batch` int(11) NOT NULL
) ENGINE=InnoDB DEFAULT CHARSET=utf8mb4 COLLATE=utf8mb4_unicode_ci;

--
-- Dumping data for table `migrations`
--

INSERT INTO `migrations` (`id`, `migration`, `batch`) VALUES
(1, '0001_01_01_000000_create_users_table', 1),
(2, '0001_01_01_000001_create_cache_table', 1),
(3, '0001_01_01_000002_create_jobs_table', 1),
(4, '2024_11_12_033630_create_branches_table', 1),
(5, '2024_11_13_082424_create_categories_table', 2),
(6, '2024_11_13_090331_create_sub_categories_table', 3),
(7, '2024_11_13_135242_add_slug_to_subcategories_table', 4),
(8, '2024_11_14_014642_add_foreign_key_to_sub_categories_table', 5),
(10, '2024_11_14_024442_create_sub_sub_categories_table', 6),
(11, '2024_11_14_091250_create_problem_reports_table', 7);

-- --------------------------------------------------------

--
-- Table structure for table `password_reset_tokens`
--

CREATE TABLE `password_reset_tokens` (
  `email` varchar(255) NOT NULL,
  `token` varchar(255) NOT NULL,
  `created_at` timestamp NULL DEFAULT NULL
) ENGINE=InnoDB DEFAULT CHARSET=utf8mb4 COLLATE=utf8mb4_unicode_ci;

-- --------------------------------------------------------

--
-- Table structure for table `problem_reports`
--

CREATE TABLE `problem_reports` (
  `id` bigint(20) UNSIGNED NOT NULL,
  `category_id` bigint(20) UNSIGNED NOT NULL,
  `subcategory_id` bigint(20) UNSIGNED NOT NULL,
  `subsubcategory_id` bigint(20) UNSIGNED NOT NULL,
  `branch_id` bigint(20) UNSIGNED NOT NULL,
  `user` varchar(255) NOT NULL,
  `report_date` date NOT NULL,
  `detail_report` text NOT NULL,
  `cause` text NOT NULL,
  `solution` text NOT NULL,
  `by` varchar(255) NOT NULL,
  `finish_date` date NOT NULL,
  `created_at` timestamp NULL DEFAULT NULL,
  `updated_at` timestamp NULL DEFAULT NULL
) ENGINE=InnoDB DEFAULT CHARSET=utf8mb4 COLLATE=utf8mb4_unicode_ci;

--
-- Dumping data for table `problem_reports`
--

INSERT INTO `problem_reports` (`id`, `category_id`, `subcategory_id`, `subsubcategory_id`, `branch_id`, `user`, `report_date`, `detail_report`, `cause`, `solution`, `by`, `finish_date`, `created_at`, `updated_at`) VALUES
(1, 10, 22, 57, 14, 'DINA', '2020-01-06', 'PROGRAM SV GANTI TAHUN', 'PROGRAM SV GANTI TAHUN', 'PROGRAM SV GANTI TAHUN', 'FRANKIE', '2020-01-06', '2024-11-21 00:08:18', '2024-11-21 00:08:18'),
(2, 9, 18, 41, 14, 'PAK HARNO', '2020-01-27', 'LT.4 GANTI ROUTER', 'LT.4 GANTI ROUTER', 'LT.4 GANTI ROUTER', 'FRANKIE', '2020-01-27', '2024-11-21 00:09:55', '2024-11-21 00:09:55'),
(3, 9, 18, 41, 14, 'PAK HARNO', '2020-01-29', 'INTERNET TIDAK BISA', 'CONNECTOR KENDOR', 'KENCANGKAN SEMUA CONNECTOR SWITCH DAN USER', 'FRANKIE', '2020-01-29', '2024-11-21 00:12:48', '2024-11-21 00:12:48'),
(4, 9, 17, 25, 14, 'PAK HARNO', '2020-01-31', 'JADWAL GANTI HDD SERVER + PERBESAR KAPASITAS', 'JADWAL GANTI HDD SERVER + PERBESAR KAPASITAS', 'ERROR ADA BAD SECTOR DI HDD LAMA, JADWAL GANTI HARI', 'FRANKIE', '2020-01-31', '2024-11-21 00:14:13', '2024-11-21 00:14:13'),
(5, 11, 25, 71, 14, 'DINA', '2020-02-05', 'FAKTUR ERROR, DATA TIDAK COCOK', 'NOMOR INTERNAL BENTROK DAN TIDAK SESUAI KARENA MENGGUNAKAN SISA FORM FAKTUR 2019', 'SUSUN ULANG FAKTUR SECARA MANUAL', 'FRANKIE', '2020-02-05', '2024-11-21 00:20:58', '2024-11-21 00:20:58'),
(6, 9, 17, 25, 14, 'PAK HARNO', '2020-02-07', 'JADWAL GANTI HDD SERVER + PERBESAR KAPASITAS', 'HDD BAD SECTOR', 'CHECKDISK -> CLONING', 'FRANKIE', '2020-02-07', '2024-11-21 00:22:32', '2024-11-21 00:22:32'),
(7, 9, 18, 38, 14, 'RINA', '2020-02-18', 'TIDAK BISA INTERNET', 'INTERNET MYREPUBLIC PUTUS, LOS MERAH', 'GANTI KE ISP INDIHOME', 'FRANKIE', '2020-02-18', '2024-11-21 00:35:15', '2024-11-21 00:35:15'),
(8, 9, 18, 35, 14, 'RINA', '2020-02-18', 'TIDAK BISA KONEK KE SERVER', 'LED LAN CARD BLINKING PER 2 DETIK', 'KENCANGKAN CONNECTOR RJ45', 'FRANKIE', '2020-02-18', '2024-11-21 00:36:33', '2024-11-21 00:36:33'),
(9, 10, 20, 46, 14, 'DINA', '2020-02-21', 'SEMUA USER TIDAK BISA KE SERVER', 'SYSTEM OS SERVER MASALAH, INDEX RUSAK SETELAH DI CLONING', 'CHECKDISK HARDDISK', 'FRANKIE', '2020-02-21', '2024-11-21 00:38:15', '2024-11-21 00:38:15'),
(10, 9, 17, 25, 14, 'CI LIE LIE', '2020-03-11', 'KOMPUTER BLUESCREEN', 'DRIVE SYSTEM FULL, DATA E-FAKTUR ADA DI DRIVE C:\\', 'PINDAH DATA E-FAKTUR KE DRIVE D:\\', 'FRANKIE', '2020-03-11', '2024-11-21 00:40:05', '2024-11-21 00:40:05'),
(11, 9, 18, 35, 14, 'DANIA', '2020-03-11', 'INTERNET TIDAK BISA', 'KABEL LAN TIDAK DICOLOK (HABIS MAINTENANCE)', 'COLOK KABEL LAN', 'FRANKIE', '2020-03-11', '2024-11-21 00:41:25', '2024-11-21 00:41:25'),
(12, 9, 16, 19, 14, 'LUKI', '2020-03-13', 'KOMPUTER PROGRAM PAJAK KONSULTAN TIDAK BISA BOOT', 'HDD BERBUNYI', 'GANTI POWER SATA (RENCANAKAN GANTI SUPPLY)', 'FRANKIE', '2020-03-13', '2024-11-21 00:42:38', '2024-11-21 00:42:38'),
(13, 9, 18, 35, 14, 'DIAN', '2020-03-13', 'FILE EXCEL YANG SEDANG DI OPEN TIBA\" SUKA JADI READ ONLY', 'KONEKSI SUKA RTO SETELAH BEBERAPA SAAT, READ ONLY KARENA 1 FILE DI BUKA LEBIH DARI 4 USER', 'GANTI LAN CARD, HILANGKAN RTO', 'FRANKIE', '2020-03-13', '2024-11-21 00:44:34', '2024-11-21 00:44:34'),
(14, 11, 26, 72, 14, 'CI ELLY', '2020-05-20', 'INTERNET TIDAK BISA', 'SEMUA TIDAK BISA INTERNET', 'JONATAN SALAH CABUT KABEL LAN UNTUK KONEKSI INTERNET (KABEL LAN SWITCH MANUAL ANTAR 2 ISP)', 'FRANKIE', '2020-05-20', '2024-11-21 00:47:53', '2024-11-21 00:47:53'),
(15, 9, 17, 25, 14, 'PAK HARNO', '2020-06-03', 'NOTEBOOK LAMBAT DAN ICON BLANK PUTIH', 'HDD DROP, OS RUSAK', 'GANTI HDD -> SSD', 'FRANKIE', '2020-06-03', '2024-11-21 00:49:13', '2024-11-21 00:49:13'),
(16, 9, 18, 41, 14, 'DIAN', '2020-06-05', 'MASIH SUKA READ ONLY', 'MASIH SUKA READ ONLY', 'GANTI KABEL LAN', 'FRANKIE', '2020-06-05', '2024-11-21 00:50:37', '2024-11-21 00:50:37'),
(17, 9, 18, 38, 14, 'CI ELLY', '2020-06-05', 'INTERNET TIDAK BISA', 'ROUTER INDIHOME, INDIKATOR LOS BLINKING MERAH', 'PANGGIL TEKNISI INDIHOME', 'FRANKIE', '2020-06-05', '2024-11-21 00:51:49', '2024-11-21 00:51:49'),
(18, 9, 18, 41, 14, 'CI LIE LIE', '2020-06-18', 'TIDAK BISA CONNECT KE SERVER', 'BANYAK USER TIDAK BISA CONNECT KE SERVER', 'RESTART SEMUA SWITCH', 'FRANKIE', '2020-06-18', '2024-11-21 00:53:17', '2024-11-21 00:53:17'),
(19, 9, 18, 41, 14, 'JONATAN', '2020-06-25', 'WIFI LT 4 TIDAK ADA KONEKSI INTERNET', 'ROUTER MASALAH', 'RESET FACTORY DAN SETTING ULANG', 'FRANKIE', '2020-06-25', '2024-11-21 00:54:52', '2024-11-21 00:54:52'),
(20, 9, 18, 41, 14, 'DINA', '2020-06-25', 'PRINT SUKA TIDAK MAU', 'KABEL PRINTER LONGGAR', 'KENCANGKAN KABEL PRINTER', 'FRANKIE', '2020-06-25', '2024-11-21 00:55:54', '2024-11-21 00:55:54'),
(21, 9, 18, 41, 14, 'RINA', '2020-07-02', 'TIDAK BISA CONNECT KE SERVER', 'LAMPU PADA LAN CARD TIDAK MENYALA', 'GANTI CONNECTOR RJ45', 'FRANKIE', '2020-07-02', '2024-11-21 00:57:05', '2024-11-21 00:57:05'),
(22, 10, 21, 48, 14, 'CI ELLY, DANIA', '2020-07-02', 'PERPANJANG KIS', 'PERPANJANG KIS', 'PERPANJANG KIS', 'FRANKIE', '2020-07-02', '2024-11-21 00:59:09', '2024-11-21 00:59:09'),
(23, 9, 18, 41, 14, 'ALL USER', '2020-07-02', 'TIDAK BISA KONEK KE F:\\', 'ROUTER SEPERTI KONFLIK', 'RESTART ROUTER', 'FRANKIE', '2020-07-02', '2024-11-21 01:00:37', '2024-11-21 01:00:37'),
(24, 9, 18, 41, 14, 'CI LIE LIE', '2020-07-03', 'ALL USER SUKA PUTUS KE F:\\', 'ROUTER SEPERTI KONFLIK', 'GANTI KABEL LAN DARI SWITCH LT4 KE ROUTER', 'FRANKIE', '2020-07-03', '2024-11-21 01:02:51', '2024-11-21 01:02:51'),
(25, 9, 18, 41, 14, 'KO ALAY', '2020-07-10', 'PERMINTAAN UNTUK MERAPIKAN KABEL JARINGAN DI LT1 TEMPAT DINA', 'PERMINTAAN UNTUK MERAPIKAN KABEL JARINGAN DI LT1 TEMPAT DINA', 'PASANG KABEL DUCT, POTONG SPARE KABEL YANG BERLEBIH, IKAT DAN RAPIKAN KABEL', 'FRANKIE', '2020-07-10', '2024-11-21 01:04:03', '2024-11-21 01:04:03'),
(26, 9, 16, 23, 14, 'PAK HARNO', '2020-07-21', 'KOMPUTER TIDAK MAU MASUK WINDOWS, RESTART TERUS', 'MEMORI RUSAK', 'MEMORI RUSAK, SEMENTARA PAKAI 1 KEPING MEMORI', 'FRANKIE', '2020-07-21', '2024-11-21 01:05:15', '2024-11-21 01:05:15'),
(27, 9, 18, 35, 14, 'PURNA', '2020-07-21', 'KOMPUTER TIDAK BISA KE SERVER', 'NETWORK POSISI DISABLED', 'ENABLE NETWORK', 'FRANKIE', '2020-07-21', '2024-11-21 01:08:49', '2024-11-21 01:08:49'),
(28, 9, 16, 19, 14, 'KO AWIE', '2020-07-21', 'TAMPILAN CCTV MATI NYALA', 'POWER SUPPLY DROP, OUTPUT HANYA 4.2 VOLT', 'MINTA KO AWIE GANTI POWER SUPPLY KE YANG PASANG CCTV', 'FRANKIE', '2020-07-21', '2024-11-21 01:09:41', '2024-11-21 01:09:41'),
(29, 9, 16, 19, 14, 'KO AWIE', '2020-07-22', 'TAMPILAN CCTV MATI NYALA', 'POWER SUPPLY DROP, OUTPUT HANYA 4.2 VOLT', 'GANTI DAN PASANG POWER SUPPLY CCTV', 'FRANKIE', '2020-07-22', '2024-11-21 01:10:37', '2024-11-21 01:10:37'),
(30, 9, 18, 41, 14, 'PAK HARNO', '2020-07-23', 'ALL USER SUKA PUTUS KE F:\\', 'NOT RECOGNIZED', 'GANTI SWITCH LT4 UNTUK DI TES', 'FRANKIE', '2020-07-23', '2024-11-21 01:11:31', '2024-11-21 01:11:31'),
(31, 9, 16, 23, 14, 'PAK HARNO', '2020-07-23', 'PASANG MEMORI PENGGANTI', 'PASANG MEMORI PENGGANTI', 'PASANG MEMORI PENGGANTI', 'FRANKIE', '2020-07-23', '2024-11-21 01:12:39', '2024-11-21 01:12:39'),
(32, 9, 18, 41, 14, 'KO ALAY', '2020-08-03', 'PERMINTAAN UNTUK MERAPIKAN KABEL JARINGAN DI LT4 TEMPAT JONATAN', 'PERMINTAAN UNTUK MERAPIKAN KABEL JARINGAN DI LT4 TEMPAT JONATAN', 'PASANG KABEL DUCT, POTONG SPARE KABEL YANG BERLEBIH, IKAT DAN RAPIKAN KABEL', 'FRANKIE', '2020-08-03', '2024-11-21 01:29:37', '2024-11-21 01:29:37'),
(33, 9, 18, 41, 14, 'ALL USER', '2020-08-04', 'ADA BEBERAPA USER TIDAK BISA KONEK SERVER', 'PORT SWITCH TES UNTUK LT4 ADA BEBERAPA YANG RUSAK', 'PINDAH PORT', 'FRANKIE', '2020-08-04', '2024-11-21 02:00:06', '2024-11-21 02:00:06'),
(34, 9, 18, 41, 14, 'Unknown', '2020-08-04', 'WIFI LT 1 LAMBAT DAN TIDAK BISA CONNECT', 'ROUTER MASALAH', 'REBOOT ROUTER', 'FRANKIE', '2020-08-04', '2024-11-21 02:01:49', '2024-11-21 02:01:49'),
(35, 9, 17, 25, 14, 'PAK HARNO', '2020-08-05', 'NOTEBOOK LAMBAT DAN ICON BLANK PUTIH', 'HDD MULAI DROP', 'GANTI KE SSD', 'FRANKIE', '2020-08-05', '2024-11-21 02:02:50', '2024-11-21 02:02:50'),
(36, 9, 15, 15, 14, 'DINA', '2020-08-06', 'TIDAK BISA PRINT, SHARE PRINT JUGA TIDAK BISA', 'DRIVER HILANG', 'ADD ULANG DRIVER DAN SHARE ULANG', 'FRANKIE', '2020-08-06', '2024-11-21 02:04:07', '2024-11-21 02:04:07'),
(37, 9, 17, 25, 16, 'MGK', '2020-01-21', 'GANTI KOMPUTER', 'DATA TIDAK LENGKAP', 'COPY DATA DARI HDD LAMA KE HDD BARU', 'FRANKIE', '2020-01-21', '2024-11-21 02:06:51', '2024-11-21 02:06:51'),
(38, 11, 25, 73, 15, 'CI LIANGNIO', '2020-08-06', 'DATA IMPORT TIDAK ADA', 'NOMOR FAKTUR PADA E-FAKTUR TIDAK URUT', 'SORT NOMOR FAKTUR, NOMOR ADA, OK', 'FRANKIE', '2020-08-06', '2024-11-21 02:09:27', '2024-11-21 02:09:27'),
(39, 9, 18, 29, 14, 'DINA', '2020-08-13', 'TIDAK BISA PRINT', 'PARALEL BELUM ADA (PCIE)', 'PASANG INSTALL DAN SETTING PCIE PARALEL', 'FRANKIE', '2020-08-13', '2024-11-21 02:10:39', '2024-11-21 02:10:39'),
(40, 10, 22, 60, 17, 'PETERUS', '2020-08-14', 'TIDAK BISA IE BONOBOSS', 'SALAH SETTING PLUGIN', 'SETTING ULANG PLUGIN SAMBIL PANDU PAK PETERUS BY REMOTE', 'FRANKIE', '2020-08-14', '2024-11-21 02:16:48', '2024-11-21 02:16:48'),
(41, 10, 20, 43, 14, 'DINA', '2020-08-19', 'BUKA ENTRYSER LAMBAT', 'OS XP VMWARE MASALAH', 'RESTORE OS XP VMWARE, MASIH PROBLEM', 'FRANKIE', '2020-08-19', '2024-11-21 02:18:52', '2024-11-21 02:18:52'),
(42, 9, 15, 15, 14, 'CI ELLY', '2020-08-21', 'TIDAK BISA PRINT LASERJET', 'DRIVER ERROR', 'INSTALL DAN SET ULANG DRIVER', 'FRANKIE', '2020-08-21', '2024-11-21 02:19:52', '2024-11-21 02:19:52'),
(43, 10, 20, 43, 14, 'CI ELLY', '2020-08-21', 'WINDOWS XP VMWARE BLUESCREEN', 'WINDOWS XP VMWARE BLUESCREEN', 'RUN LAST GOOD', 'FRANKIE', '2020-08-21', '2024-11-21 02:25:21', '2024-11-21 02:25:21'),
(44, 11, 27, 74, 14, 'DINA', '2020-08-21', 'TIDAK BISA BUKA HASIL SCAN', 'WINDOWS 98 VMWARE TIDAK ADA PDF', 'HARUS BUKA DARI MAIN WINDOWS', 'FRANKIE', '2020-08-21', '2024-11-21 02:28:24', '2024-11-21 02:28:24'),
(45, 9, 15, 15, 14, 'ISNUR', '2020-08-21', 'TIDAK BISA PRINT KE DINA', 'DRIVER HILANG', 'INSTALL DAN SET ULANG DRIVER', 'FRANKIE', '2020-08-21', '2024-11-21 02:29:56', '2024-11-21 02:29:56'),
(46, 10, 22, 57, 14, 'DINA', '2020-08-24', 'BUKA ENTRYSER LAMBAT', 'OS XP VMWARE MASALAH', 'SET ULANG OS XP VMWARE', 'FRANKIE', '2020-08-24', '2024-11-21 02:31:01', '2024-11-21 02:31:01'),
(47, 9, 15, 15, 15, 'PAK YUSDI', '2020-08-26', 'PRINTER L100 HASIL PRINT TIDAK KELUAR', 'TINTA MAMPET KERING', 'POWER CLEANING', 'FRANKIE', '2020-08-26', '2024-11-21 02:32:04', '2024-11-21 02:32:04'),
(48, 9, 15, 15, 15, 'CI LIANGNIO', '2020-08-26', 'KOM ESPT HASIL PRINT ADA YANG BURAM', 'DRUM TONER MASALAH', 'GANTI TONER', 'FRANKIE', '2020-08-26', '2024-11-21 02:33:12', '2024-11-21 02:33:12'),
(49, 10, 20, 43, 14, 'DINA', '2020-08-28', 'WINDOWS XP VMWARE ERROR', 'URUTAN SETTING SALAH', 'COPY DAN SETTING ULANG VMWARE XP', 'FRANKIE', '2020-08-28', '2024-11-21 02:34:15', '2024-11-21 02:34:15'),
(50, 10, 22, 57, 14, 'DINA', '2020-08-26', 'SO SAVE SV ERROR DATATYPE MISMATCH', 'ADA RECORD ROW KOSONG', 'DELETE ROW KOSONG', 'FRANKIE', '2020-08-26', '2024-11-21 02:36:04', '2024-11-21 02:36:04'),
(51, 9, 17, 25, 14, 'CI ELLY', '2020-08-28', 'TIDAK BISA MASUK WINDOWS', 'OS MASALAH, CLUSTER HDD ERROR', 'CHECK DISK', 'FRANKIE', '2020-08-28', '2024-11-21 02:37:08', '2024-11-21 02:37:08'),
(52, 9, 18, 38, 14, 'DINA', '2020-09-01', 'INTERNET PUTUS TOTAL', 'MASALAH JARINGAN DARI INDIHOME', 'TELP INDIHOME UNTUK KIRIM TEKNISI', 'FRANKIE', '2020-09-01', '2024-11-21 02:38:45', '2024-11-21 02:38:45'),
(53, 9, 17, 25, 14, 'KO AWIE', '2020-09-03', 'CCTV TIDAK BISA PLAYBACK', 'HDD RUSAK', 'GANTI HDD', 'FRANKIE', '2020-09-03', '2024-11-21 02:39:57', '2024-11-21 02:39:57'),
(54, 9, 18, 38, 14, 'DINA', '2020-09-04', 'INTERNET MASIH PUTUS', 'INTERNET MASIH PUTUS', 'PENARIKAN KABEL FIBER BARU DARI ODB LAIN', 'FRANKIE', '2020-09-04', '2024-11-21 02:41:33', '2024-11-21 02:41:33'),
(55, 10, 22, 60, 14, 'CI ELLY', '2020-09-21', 'HASIL PRINT SJ TIDAK SESUAI PREVIEW', 'HANYA 1 NOMOR SJ YANG ERROR, KET KEPANJANGAN', 'SET KETERANGAN LEBIH PENDEK', 'FRANKIE', '2020-09-21', '2024-11-21 02:42:48', '2024-11-21 02:42:48'),
(56, 11, 27, 74, 15, 'CI BETTY', '2020-09-21', 'EXCEL AR-JG SALAH TARIK', 'SALAH URUTAN, LUPA MASUKIN CUSTOMER BARU', 'HAPUS DATA YANG SUDAH DITARIK, MASUKKAN CUSTOMER BARU DAN TARIK ULANG', 'FRANKIE', '2020-09-21', '2024-11-21 02:43:59', '2024-11-21 02:43:59'),
(57, 9, 15, 15, 14, 'BU RINA', '2020-09-21', 'POWER SUSAH ON', 'POWER SUSAH ON', 'PASANG PRINTER PINJAMAN, PRINTER KIRIM SERVICE', 'FRANKIE', '2020-09-21', '2024-11-21 02:45:04', '2024-11-21 02:45:04'),
(58, 9, 17, 25, 14, 'CI ELLY', '2020-09-25', 'KOMPUTER HANYA ADA CURSOR', 'OS MASALAH, CLUSTER HDD ADA ERROR', 'CHECKDISK', 'FRANKIE', '2020-09-25', '2024-11-21 02:46:11', '2024-11-21 02:46:11'),
(59, 9, 15, 15, 14, 'CI ELLY', '2020-09-25', 'TIDAK BISA PRINT KE LASERJET', 'KABEL PRINTER TIDAK TERCOLOK (HABIS MAINTENANCE)', 'COLOK KABEL PRINTER', 'FRANKIE', '2020-09-25', '2024-11-21 02:49:13', '2024-11-21 02:49:13'),
(60, 10, 22, 58, 15, 'CI LIANG NIO', '2020-09-29', 'UPDATE E-FAKTUR', 'UPDATE E-FAKTUR', 'UPDATE E-FAKTUR', 'FRANKIE', '2020-09-29', '2024-11-21 02:50:10', '2024-11-21 02:50:10'),
(61, 10, 22, 58, 14, 'CI LIE LIE', '2020-10-01', 'UPDATE E-FAKTUR', 'UPDATE E-FAKTUR', 'UPDATE E-FAKTUR', 'FRANKIE', '2020-10-01', '2024-11-21 02:51:15', '2024-11-21 02:51:15'),
(62, 10, 22, 60, 14, 'CI LIE LIE', '2020-10-01', 'TIDAK BISA PDF', 'ADOBE READER CRASH TERUS', 'INSTALL ULANG', 'FRANKIE', '2020-10-01', '2024-11-21 02:52:52', '2024-11-21 02:52:52'),
(63, 9, 15, 15, 14, 'BU RINA', '2020-10-14', 'PASANG DAN SETTING PRINTER SELESAI DIPERBAIKI', 'PASANG DAN SETTING PRINTER SELESAI DIPERBAIKI', 'PASANG DAN SETTING PRINTER SELESAI DIPERBAIKI', 'FRANKIE', '2020-10-14', '2024-11-21 02:54:12', '2024-11-21 02:54:12'),
(64, 10, 22, 54, 15, 'CI LIANI', '2020-10-14', 'REPORT ERROR, DATA TYPE MISMATCH', 'SET FORMAT DATE SALAH', 'SET FORMAT US', 'FRANKIE', '2020-10-14', '2024-11-21 02:55:10', '2024-11-21 02:55:10'),
(65, 9, 15, 15, 14, 'BU RINA', '2020-10-23', 'PRINTER TIDAK MAU ON', 'PRINTER TIDAK MAU ON', 'CABUT PASANG POWER BERKALI KALI', 'FRANKIE', '2020-10-23', '2024-11-21 02:55:58', '2024-11-21 02:55:58'),
(66, 11, 27, 75, 18, 'BETA', '2020-10-23', 'SRN TANGGAL 29 NOMOR 6 HILANG', 'SEMPAT AMBIL ICL DARI BACKUP DAN TIDAK DI CEK LAGI', 'INPUT LANGSUNG', 'FRANKIE', '2020-10-23', '2024-11-21 02:58:30', '2024-11-21 02:58:30'),
(67, 10, 22, 57, 14, 'CI ELLY', '2020-11-10', 'BACKUP SERVER TIDAK JALAN', 'BELUM PERNAH ADA BACKUP SAMA SEKALI', 'RUN BACKUP', 'FRANKIE', '2020-11-10', '2024-11-21 02:59:48', '2024-11-21 02:59:48'),
(68, 9, 12, 10, 14, 'CI ELLY', '2020-11-10', 'SUSAH ABSEN', 'ABSEN TIDAK ADA RESPON', 'DAFTAR SISA JARI YANG BELUM TERDAFTAR', 'FRANKIE', '2020-11-10', '2024-11-24 20:52:07', '2024-11-24 20:52:07'),
(69, 11, 27, 75, 15, 'FELICIA', '2020-11-10', 'MINTA DATA KODE BARANG DAN NAMA BARANG', 'MINTA KODE DAN NAMA BARANG DAN DISORTIR', 'AMBIL DATA DAN SORTIR', 'FRANKIE', '2020-11-10', '2024-11-24 20:53:17', '2024-11-24 20:53:17'),
(70, 9, 15, 15, 14, 'ISNUR', '2020-11-12', 'TIDAK BISA PRINT KEDINA', 'BLOCK FIREWALL', 'SET EXCLUSION', 'FRANKIE', '2020-11-12', '2024-11-24 20:54:15', '2024-11-24 20:54:15'),
(71, 9, 16, 20, 14, 'PURNA', '2020-11-12', 'KOMPUTER STUCK DI BIOS', 'BATERAI CMOS HABIS', 'GANTI BATERAI CMOS', 'FRANKIE', '2020-11-12', '2024-11-24 20:55:10', '2024-11-24 20:55:10'),
(72, 9, 12, 1, 15, 'CI BETTY', '2020-11-12', 'DAIS DOUBLE POSTING', 'MOUSE DOUBLE KLIK DAN KLIK KIRI SUKA JADI KLIK KANAN', 'GANTI MOUSE', 'FRANKIE', '2020-11-12', '2024-11-24 20:56:04', '2024-11-24 20:56:04'),
(73, 9, 16, 19, 19, 'SUDI', '2020-02-04', 'KOMPUTER TIDAK MAU TAMPIL', 'POWER SUPPLY DROP', 'GANTI POWER SUPPLY', 'FRANKIE', '2020-02-12', '2024-11-24 21:28:57', '2024-11-24 21:28:57'),
(75, 10, 21, 48, 15, 'KO AFAT', '2020-02-06', 'LICENSE HABIS', 'LICENSE HABIS', 'PERPANJANG KIS', 'FRANKIE', '2020-02-06', '2024-11-24 21:36:05', '2024-11-24 21:36:05'),
(76, 9, 18, 35, 15, 'KO AFAT', '2020-02-06', 'ANTIVIRUS TIDAK UP TO DATE', 'KOM SCAN VIRUS TIDAK ADA INTERNET', 'PASANG LAN CARD DAN SET IP', 'FRANKIE', '2020-02-06', '2024-11-24 21:37:04', '2024-11-24 21:37:04'),
(77, 9, 17, 25, 19, 'SUDI', '2020-02-10', 'HDD FULL', 'HDD FULL', 'GANTI HDD DARI 80 KE 500', 'FRANKIE', '2020-02-10', '2024-11-24 21:37:56', '2024-11-24 21:37:56'),
(78, 9, 18, 41, 15, 'KO ADI', '2020-02-11', 'TIDAK ADA KONEKSI INTERNET', 'KABEL FIBER ADA PECAH DI DALAM', 'CARI OUTSOURCE UNTUK SAMBUNG KABEL FIBER', 'FRANKIE', '2020-02-11', '2024-11-24 21:38:55', '2024-11-24 21:38:55'),
(79, 9, 15, 15, 19, 'SUDI', '2020-02-19', 'PASANG AUTOSWITCH PRINTER', 'PASANG AUTOSWITCH PRINTER', 'PASANG AUTOSWITCH PRINTER', 'FRANKIE', '2020-02-19', '2024-11-24 21:39:49', '2024-11-24 21:39:49'),
(80, 11, 27, 75, 19, 'SUDI', '2020-02-19', 'TIDAK BISA CONVERT KE CSV', 'SALAH URUTAN PROSES SEHINGGA OUTPUT DBF TIDAK ADA', 'HILANGKAN CENTANG FORM PADA SAAT PRINT', 'FRANKIE', '2020-02-19', '2024-11-24 21:40:44', '2024-11-24 21:40:44'),
(81, 9, 18, 38, 14, 'DINA', '2020-02-19', 'INTERNET TIDAK ADA KONEKSI', 'MYREP PUTUS', 'PINDAH KONEKSI KE INDIHOME', 'FRANKIE', '2020-02-19', '2024-11-24 21:41:53', '2024-11-24 21:41:53'),
(82, 9, 18, 41, 15, 'KO ADI', '2020-02-26', 'INTERNET PUTUS TOTAL', 'KABEL FIBER ADA PECAH DI DALAM', 'SURVEY OLEH OUTSOURCING MIKROREKSA', 'FRANKIE', '2020-02-26', '2024-11-24 21:43:36', '2024-11-24 21:43:36'),
(83, 10, 20, 43, 16, 'PRIYATNA', '2020-02-27', 'TIDAK BISA MASUK WINDOWS', 'GENUINE, DISCONTINUE', 'REACTIVATE SEMENTARA', 'FRANKIE', '2020-11-27', '2024-11-24 22:57:41', '2024-11-24 22:57:41'),
(84, 11, 27, 75, 16, 'PRIYATNA', '2020-02-27', 'CSV DARI MGK TIDAK BISA DI IMPORT DI GLODOK', 'FORMAT NPWP SALAH', 'PERBAIKI FORMAT NPWP', 'FRANKIE', '2020-11-27', '2024-11-24 22:58:50', '2024-11-24 22:58:50'),
(85, 10, 22, 60, 15, 'KO ADI', '2020-03-19', 'TIDAK BISA BUKA ATTACHMENT EMAIL', 'TIDAK BISA BUKA ATTACHMENT EMAIL', 'APP DATA OUTLOOK SET READONLY OFF', 'FRANKIE', '2020-03-19', '2024-11-24 23:03:31', '2024-11-24 23:03:31'),
(86, 9, 18, 41, 15, 'DESY', '2020-03-24', 'TIDAK BISA TARIK ABSEN GUDANG', 'KABEL FIBER MASIH PUTUS', 'BAWA FP KE GLODOK UNTUK TARIK DATA', 'FRANKIE', '2020-03-24', '2024-11-24 23:04:49', '2024-11-24 23:04:49'),
(87, 10, 22, 60, 15, 'KO ADI', '2020-04-01', 'TIDAK BISA PRINT', 'PRINT ADA ERROR DARI OUTLOOK', 'HAPUS ERROR PRINT', 'FRANKIE', '2020-04-01', '2024-11-24 23:05:54', '2024-11-24 23:05:54'),
(88, 9, 15, 15, 14, 'BU RINA', '2020-04-01', 'PRINTER SUSAH ON', 'PRINTER SUSAH ON', 'CABUT COLOK AC CORD + TES ON', 'FRANKIE', '2020-04-01', '2024-11-24 23:07:20', '2024-11-24 23:07:20'),
(89, 10, 22, 60, 15, 'CI BETTY', '2020-04-01', 'TARIK DATA PAKAI EXCEL (PROGRAM WENDY) TIDAK MUNCUL', 'F:\\ TIDAK TERDETECT', 'OPEN F:\\ DAN TARIK ULANG', 'FRANKIE', '2020-04-01', '2024-11-24 23:08:38', '2024-11-24 23:08:38'),
(90, 10, 20, 43, 16, 'PRIYATNA', '2020-04-03', 'XP STUCK TIDAK MAU MASUK', 'GENUINE, DISCONTINUE', 'ALTERNATIF, OPEN EXPLORER', 'FRANKIE', '2020-04-03', '2024-11-24 23:10:06', '2024-11-24 23:10:06'),
(91, 9, 16, 20, 16, 'PRIYATNA', '2020-05-13', 'KOMPUTER TIDAK MAU TAMPIL', 'BOARD MASALAH', 'CLEAR CMOS', 'FRANKIE', '2020-05-13', '2024-11-24 23:10:57', '2024-11-24 23:10:57'),
(92, 11, 27, 76, 15, 'CI LIANG NIO', '2020-05-13', 'DATA ADA YANG TIDAK ADA', 'SALAH KODE ACCOUNT', 'UBAH DARI DATABASE', 'FRANKIE', '2020-05-13', '2024-11-24 23:15:20', '2024-11-24 23:15:20'),
(93, 10, 22, 60, 15, 'CI LIANG NIO', '2020-05-13', 'PDF CRASH', 'ADA UPDATE ERROR DARI ADOBENYA', 'INSTALL ULANG', 'FRANKIE', '2020-05-13', '2024-11-24 23:16:26', '2024-11-24 23:16:26'),
(94, 11, 25, 73, 15, 'CI LIANG NIO', '2020-05-18', 'TIDAK BISA TARIK DATA KE CSV', 'SALAH INPUT NOMOR REFERENCE', 'INPUT NOMOR REFERENCE YANG BENAR', 'FRANKIE', '2020-05-18', '2024-11-24 23:19:17', '2024-11-24 23:19:17'),
(95, 9, 18, 41, 15, 'CI LIANI', '2020-05-18', 'SUSAH MASUK F:\\ SAAT BARU NYALA KOMPUTER', 'SUSAH MASUK F:\\ SAAT BARU NYALA KOMPUTER', 'SET DNS OVER TCP/IP', 'FRANKIE', '2020-05-18', '2024-11-24 23:20:26', '2024-11-24 23:20:26'),
(96, 9, 18, 41, 15, 'KO ADI', '2020-06-10', 'KONEKSI INTERNET PUTUS', 'KABEL LAN ANTARA GEDUNG B11 DENGAN A11 PUTUS TERTABRAK BOX', 'PENARIKAN KABEL BARU', 'FRANKIE', '2020-06-10', '2024-11-24 23:21:20', '2024-11-24 23:21:20'),
(97, 10, 21, 48, 15, 'PAK YUSDI', '2020-06-16', 'INSTALL, UPDATE, REAKTIVASI KIS', 'INSTALL, UPDATE, REAKTIVASI KIS', 'INSTALL, UPDATE, REAKTIVASI KIS', 'FRANKIE', '2020-06-16', '2024-11-25 00:00:33', '2024-11-25 00:00:33'),
(98, 11, 27, 76, 15, 'CI BETTY', '2020-06-17', 'DAIS SALAH TARIK, CUSTOMER BARU BELUM DI INPUT', 'DAIS SALAH TARIK, CUSTOMER BARU BELUM DI INPUT', 'HAPUS DATA DAN TARIK ULANG', 'FRANKIE', '2020-06-17', '2024-11-25 00:01:38', '2024-11-25 00:01:38'),
(99, 9, 17, 25, 15, 'CI WATY', '2020-06-22', 'KOMPUTER LAMBAT', 'SYSTEM LAMBAT', 'KOMPUTER DIBAWA KE PABRIK UNTUK DICEK', 'FRANKIE', '2020-06-22', '2024-11-25 00:02:31', '2024-11-25 00:02:31'),
(100, 11, 27, 75, 15, 'FELICIA', '2020-06-26', 'PERMINTAAN UBAH QTY DAN HARGA CO DAN ACO', 'PERMINTAAN UBAH QTY DAN HARGA CO DAN ACO', 'RUBAH QTY DAN HARGA CO DAN ACO', 'FRANKIE', '2020-06-26', '2024-11-25 00:04:05', '2024-11-25 00:04:05'),
(101, 11, 27, 76, 15, 'CI BETTY', '2020-06-26', 'ADA KESALAHAN PENARIKAN DATA DARI ICL KE DAIS', 'LUPA INPUT CUSTOMER BARU', 'HAPUS DATA AJ DAN TARIK ULANG', 'FRANKIE', '2020-06-26', '2024-11-25 01:41:05', '2024-11-25 01:41:05'),
(102, 9, 16, 23, 15, 'CI WATY', '2020-06-24', 'KOMPUTER BUNYI DAN TIDAK MAU TAMPIL', 'MEMORI MASALAH', 'BERSIHKAN MEMORI', 'FRANKIE', '2020-06-24', '2024-11-25 01:46:46', '2024-11-25 01:46:46'),
(103, 9, 18, 41, 15, 'CI WATY', '2020-06-24', 'TIDAK BISA KONEK KE F:\\', 'DRIVER LAN CARD MASALAH', 'INSTALL ULANG DRIVER LAN CARD', 'FRANKIE', '2020-06-24', '2024-11-25 01:48:26', '2024-11-25 01:48:26'),
(104, 10, 20, 44, 15, 'RARA', '2020-07-07', 'TIDAK BISA KONEK KE F:\\', 'TIDAK BISA KONEK KE F:\\', 'RE-JOIN DOMAIN', 'FRANKIE', '2020-07-07', '2024-11-25 01:49:24', '2024-11-25 01:49:24'),
(105, 9, 18, 29, 15, 'RARA', '2020-07-07', 'TIDAK BISA PRINT', 'TIDAK BISA PRINT', 'BERSIHKAN PARALEL CARD', 'FRANKIE', '2020-07-07', '2024-11-25 01:50:24', '2024-11-25 01:50:24'),
(106, 10, 22, 60, 15, 'CI LIANG NIO', '2020-07-29', 'HASIL PRINT PDF TIDAK SESUAI', 'HASIL PRINT PDF TIDAK SESUAI', 'SET SHRINK ON', 'FRANKIE', '2020-07-29', '2024-11-25 01:51:23', '2024-11-25 01:51:23'),
(107, 10, 22, 58, 15, 'CI LIANG NIO', '2020-07-07', 'TIDAK BISA IMPORT CSV', 'PEMBULATAN DI CSV SALAH', 'INPUT MANUAL', 'FRANKIE', '2020-07-07', '2024-11-25 01:56:26', '2024-11-25 01:56:26'),
(108, 11, 27, 76, 15, 'CI BETTY', '2020-08-08', 'ADA KESALAHAN PENARIKAN DATA DARI ICL KE DAIS', 'ADA KESALAHAN PENARIKAN DATA DARI ICL KE DAIS', 'MASUK DATABASE DAN PERBAIKI', 'FRANKIE', '2020-08-08', '2024-11-25 01:57:39', '2024-11-25 01:57:39'),
(109, 9, 18, 41, 14, 'CI ELLY', '2020-08-31', 'KONEKSI SERVER DAN INTERNET PUTUS', 'KONEKSI SERVER DAN INTERNET PUTUS', 'GANTI SWITCH DI LT 1', 'FRANKIE', '2020-08-31', '2024-11-25 01:59:25', '2024-11-25 01:59:25'),
(110, 9, 18, 41, 14, 'DESY', '2020-08-31', 'INTERNET LT 2 PUTUS', 'CONNECTOR LONGGAR, PENGAIT PATAH', 'GANTI CONNECTOR RJ45', 'FRANKIE', '2020-08-31', '2024-11-25 02:00:23', '2024-11-25 02:00:23'),
(111, 9, 17, 25, 14, 'CI LIANI', '2020-08-31', 'BANYAK APLIKASI RUSAK, TIDAK BISA DI BUKA', 'HDD MASALAH, BANYAK CLUSTER RUSAK', 'CHECK DISK', 'FRANKIE', '2020-08-31', '2024-11-25 02:01:28', '2024-11-25 02:01:28'),
(112, 9, 16, 20, 14, 'KO ALAY', '2020-09-09', 'TIDAK BISA MASUK WINDOWS, STUCK', 'BATERAI CMOS HABIS', 'GANTI BATERAI CMOS', 'FRANKIE', '2020-09-09', '2024-11-25 02:02:36', '2024-11-25 02:02:36'),
(113, 11, 28, 77, 15, 'KO ADI', '2020-09-09', 'SPEAKER TIDAK MAU BUNYI', 'SALAH SETTING', 'SETTING SPEAKER TO FRONT', 'KO ADI', '2020-09-09', '2024-11-25 02:04:27', '2024-11-25 02:04:27'),
(114, 10, 24, 65, 15, 'CI LIANG NIO', '2020-10-16', 'HASIL ATTACH FILE TIDAK SESUAI NAMA FILE NYA', 'HASIL ATTACH FILE TIDAK SESUAI NAMA FILE NYA', 'TELP KE INDOMARCO, TIDAK MASALAH', 'FRANKIE', '2020-10-16', '2024-11-25 02:07:17', '2024-11-25 02:07:17'),
(115, 9, 15, 15, 14, 'BU RINA', '2020-10-16', 'TIDAK MAU PRINT', 'PRINTER POSISI OFFLINE', 'SET PRINTER ONLINE', 'FRANKIE', '2020-10-16', '2024-11-25 02:09:01', '2024-11-25 02:09:01'),
(116, 10, 22, 54, 15, 'CI BETTY', '2020-10-16', 'ADA 1 ACCOUNT DESC TIDAK TAMPIL', 'ADA 1 ACCOUNT DESC TIDAK TAMPIL', 'SURUH TELP ORANG DAIS, SETTINGAN DI PROGRAM NYA', 'FRANKIE', '2020-10-16', '2024-11-25 02:09:58', '2024-11-25 02:09:58'),
(117, 9, 18, 41, 15, 'BU LASTRI', '2020-11-02', 'KOMPUTER BACKUP SERVER TIDAK MAU CONNECT SERVER', 'DRIVER LAN CARD ERROR', 'INSTALL ULANG DRIVER LAN CARD', 'FRANKIE', '2020-11-02', '2024-11-25 02:14:29', '2024-11-25 02:14:29'),
(118, 11, 27, 76, 15, 'CI BETTY', '2020-11-13', 'KODE CUSTOMER LONCAT', 'KODE CUSTOMER LONCAT', 'ADD CUSTOMER', 'FRANKIE', '2020-11-13', '2024-11-25 02:15:48', '2024-11-25 02:15:48'),
(119, 9, 12, 1, 15, 'CI BETTY', '2020-11-13', 'POSTING DAIS SUKA DOUBLE', 'MOUSE DOUBLE KLIK', 'GANTI MOUSE', 'FRANKIE', '2020-11-13', '2024-11-25 02:17:00', '2024-11-25 02:17:00'),
(120, 10, 22, 60, 14, 'ISNUR', '2020-11-13', 'PROGRAM JADWAL DAN DELIVERY SUKA DOUBLE(EXCEL)', 'BUG SUDAH SERING', 'HAPUS DATA DAN TARIK ULANG, INPUT ULANG KETERANGAN', 'FRANKIE', '2020-11-13', '2024-11-25 02:18:06', '2024-11-25 02:18:06'),
(121, 10, 20, 43, 15, 'YUNI', '2020-11-19', 'TIDAK BISA BUKA WHATSAPP WEB', 'BROWSER TIDAK SUPPORT, TIDAK BISA UPDATE (Xp)', 'UPGRADE OS', 'FRANKIE', '2020-11-19', '2024-11-25 02:19:22', '2024-11-25 02:19:22'),
(122, 9, 18, 41, 15, 'FENTI', '2020-11-30', 'TIDAK BISA CONNECT SERVER', 'CONNECTOR LONGGAR', 'KENCANGKAN CONNECTOR RJ45', 'FRANKIE', '2020-11-30', '2024-11-25 02:20:29', '2024-11-25 02:20:29'),
(123, 11, 27, 74, 14, 'PURNA', '2020-12-01', 'BUKA LAPORAN RUSAK, HASILNYA DATA LAMA', 'ROW DI HIDE', 'UNHIDE', 'FRANKIE', '2020-12-01', '2024-11-25 02:22:19', '2024-11-25 02:22:19'),
(124, 11, 27, 75, 19, 'ADM', '2020-12-02', 'BUKA ICL DI WINDOWS UTAMA DAN VMWARE BEDA', 'SALAH BUKA TARGET ICL', 'BUKA TARGET ICL YANG BENAR', 'FRANKIE', '2020-12-02', '2024-11-25 02:23:38', '2024-11-25 02:23:38'),
(125, 9, 12, 7, 15, 'YUNI', '2020-12-03', 'HASIL SCAN BEDA DAN PROGRAM SCAN BEDA', 'SUDAH UPGRADE WINDOWS', 'PROGRAM SCAN YANG LAMA HANYA ADA DI XP, SETTING SCAN', 'FRANKIE', '2020-12-03', '2024-11-25 02:25:00', '2024-11-25 02:25:00'),
(126, 11, 28, 78, 15, 'PAK YUSDI', '2020-12-03', 'PRINTER BARU MASALAH, JALAN TERUS, TIDAK MAU MATI', 'PRINTER INITIALIZE', 'INITIALIZE DAN TES PRINT 1X. TAHAN POWER 5S UNTUK MATI', 'FRANKIE', '2020-12-03', '2024-11-25 02:27:33', '2024-11-25 02:27:33'),
(127, 11, 27, 76, 15, 'CI BETTY', '2020-12-22', 'TARIK, IMPORT DAN POSTING DATA TAPI BELUM GANTI TGL', 'TARIK, IMPORT DAN POSTING DATA TAPI BELUM GANTI TGL', 'HAPUS DATA, GANTI TGL, TARIK DAN IMPORT DATA', 'FRANKIE', '2020-12-22', '2024-11-25 02:28:58', '2024-11-25 02:28:58'),
(128, 11, 27, 76, 15, 'CI BETTY', '2020-12-22', 'TARIK DATA TAPI BELUM INPUT CUSTOMER BARU', 'TARIK DATA TAPI BELUM INPUT CUSTOMER BARU', 'HAPUS DATA, TARIK ULANG', 'FRANKIE', '2020-12-22', '2024-11-25 02:30:54', '2024-11-25 02:30:54'),
(129, 10, 22, 53, 15, 'DESY', '2020-12-22', 'CLOSING ICL RS ERROR SAAT DO PACK', 'ADA DATABASE RUSAK', 'HAPUS DATABASE RUSAK, TIDAK DIPAKAI', 'FRANKIE', '2020-12-22', '2024-11-25 02:31:52', '2024-11-25 02:31:52'),
(130, 10, 22, 60, 14, 'CI ELLY', '2020-12-08', 'DANIA MAIL MERGE TIDAK JALAN', 'WORD 2003 MAIL MERGE ERROR', 'INSTALL WORD 2007', 'FRANKIE', '2020-12-08', '2024-11-25 02:33:01', '2024-11-25 02:33:01'),
(131, 9, 17, 25, 14, 'CI ELLY', '2020-12-15', 'TIDAK BISA BOOT KE OS', 'HDD MASALAH, MULAI LAMBAT', 'CHECK DISK, TAMBAH SSD UNTUK SYSTEM', 'FRANKIE', '2020-12-15', '2024-11-25 02:34:54', '2024-11-25 02:34:54'),
(132, 9, 16, 23, 14, 'CI ELLY', '2020-12-18', 'KOMPUTER SUKA HANG', 'HABIS MAINTENANCE, MEMORI PROBLEM', 'GANTI MEMORI', 'FRANKIE', '2020-12-18', '2024-11-25 02:37:26', '2024-11-25 02:37:26'),
(133, 11, 27, 74, 14, 'PAK HARNO', '2020-12-18', 'MASUKIN DATA LIBUR, TIDAK MASUK KALKULASI', 'SALAH MASUKIN FORMAT PENANGGALAN', 'MASUKKIN TANGGAL YANG BENAR', 'FRANKIE', '2020-12-18', '2024-11-25 02:38:27', '2024-11-25 02:38:27'),
(134, 9, 17, 25, 14, 'KO ALAY', '2020-12-21', 'KOMPUTER KO ALAY LAMBAT', 'HDD BANYAK CLUSTER RUSAK', 'GANTI KE SSD DAN GANTI POWER SUPPLY', 'FRANKIE', '2020-12-21', '2024-11-25 02:39:42', '2024-11-25 02:39:42'),
(135, 9, 15, 15, 17, 'BU NOVI', '2020-01-13', 'PRINT ROLLING TERUS', 'PRINTER ERROR', 'RESET PRINTER', 'FRANKIE', '2020-01-13', '2024-11-25 02:40:53', '2024-11-25 02:40:53'),
(136, 11, 28, 78, 17, 'CI YENTI', '2020-01-13', 'TIDAK BISA PRINT LEDGER DAIS', 'BANYAK ANTRIAN PRINT NYANGKUT', 'HAPUS ANTRIAN PRINT', 'FRANKIE', '2020-01-13', '2024-11-25 02:42:07', '2024-11-25 02:42:07'),
(137, 11, 27, 74, 17, 'BU SHERIS', '2020-01-13', 'BU SHERIS TIDAK DAPAT KIRIMAN EMAIL DARI PAK SANTO', 'SALAH MENGGUNAKAN ACCOUNT', 'KIRIM ULANG MENGGUNAKAN ACCOUNT YANG BENAR', 'FRANKIE', '2020-01-13', '2024-11-25 02:44:24', '2024-11-25 02:44:24'),
(138, 9, 18, 41, 17, '07-21', '2020-02-15', 'KONEKSI 07-21 TERPUTUS', 'KABEL FIBER PUTUS', 'PENYAMBUNGAN KABEL PUTUS MENGGUNAKAN FAST CON', 'FRANKIE', '2020-02-15', '2024-11-25 02:47:40', '2024-11-25 02:47:40'),
(139, 9, 15, 15, 17, 'BU NOVI', '2020-01-13', 'PRINT ROLLING TERUS', 'PRINTER ERROR', 'RESET PRINTER', 'FRANKIE', '2020-01-13', '2024-12-02 19:17:49', '2024-12-02 19:17:49'),
(140, 11, 28, 78, 17, 'CI YENTI', '2020-01-13', 'TIDAK BISA PRINT LEDGER DAIS', 'BANYAK ANTRIAN PRINT NYANGKUT', 'HAPUS ANTRIAN PRINT', 'FRANKIE', '2020-01-13', '2024-12-02 19:19:53', '2024-12-02 19:19:53'),
(141, 10, 22, 57, 15, 'DINA', '2022-01-03', 'SERVICE GANTI TAHUN', 'SERVICE GANTI TAHUN', 'SERVICE GANTI TAHUN', 'FRANKIE', '2022-01-03', '0000-00-00 00:00:00', '0000-00-00 00:00:00'),
(142, 9, 16, 19, 17, 'WINARTI', '2022-01-05', 'KOMPUTER TIDAK MAU TAMPIL', 'KOMPUTER TIDAK MAU TAMPIL', 'GANTI POWER SUPPLY', 'RAHMAT', '2022-01-05', '0000-00-00 00:00:00', '0000-00-00 00:00:00'),
(143, 10, 22, 54, 15, 'BETTY', '2022-01-06', 'DAIS 2022', 'SET DAIS 2022 CI BETTY, CI LIANI, CI LIANG NIO', 'SET DAIS 2022 CI BETTY, CI LIANI, CI LIANG NIO', 'FRANKIE', '2022-01-06', '0000-00-00 00:00:00', '0000-00-00 00:00:00'),
(144, 10, 22, 53, 15, 'LIANG NIO', '2022-01-06', 'ICL PAJAK TIDAK BISA LOGIN', 'ICL PAJAK TIDAK BISA LOGIN', 'SETTING LOGIN USER  TAHUN 2022', 'FRANKIE', '2022-01-06', '0000-00-00 00:00:00', '0000-00-00 00:00:00'),
(145, 9, 18, 32, 14, 'DINA', '2022-01-06', 'INTERNET 32 LT.1 TIDAK BISA', 'INTERNET 32 LT.1 TIDAK BISA', 'RESET ROUTER LT1', 'FRANKIE', '2022-01-06', '0000-00-00 00:00:00', '0000-00-00 00:00:00'),
(146, 10, 22, 58, 15, 'ICAGL', '2022-01-17', '58 ADA UPDATE VERSI 3.1', 'TIDAK BISA DOWNLOAD UPDATE', 'SERVER SIBUK', 'FRANKIE', '2022-01-17', '0000-00-00 00:00:00', '0000-00-00 00:00:00'),
(147, 10, 22, 60, 15, 'ADI', '2022-01-17', 'INSTALL NITRO U/ PDF FORM', 'INSTALL NITRO U/ PDF FORM', 'INSTALL NITRO U/ PDF FORM', 'FRANKIE', '2022-01-17', '0000-00-00 00:00:00', '0000-00-00 00:00:00'),
(148, 9, 16, 21, 17, 'UTAMI', '2022-01-17', 'DATE/TIME RESET DEFAULT', 'DATE/TIME RESET DEFAULT', 'GANTI BATERAI CM20', 'RAHMAT', '2022-01-17', '0000-00-00 00:00:00', '0000-00-00 00:00:00'),
(149, 9, 16, 21, 14, 'PAK HARNO', '2022-01-17', 'BATERAI CM20 MASALAH, DATE/TIME RESET DEFAULT', 'DATE/TIME RESET DEFAULT', 'GANTI BATERAI CM20', 'FRANKIE', '2022-01-17', '0000-00-00 00:00:00', '0000-00-00 00:00:00'),
(150, 9, 18, 41, 15, 'GUDANG', '2022-01-19', 'TELPON GUDANG TIDAK BUNYI', 'KABEL TELEPON TIDAK TERPASANG', 'PASANG KABEL TELEPON', 'FRANKIE', '2022-01-19', '0000-00-00 00:00:00', '0000-00-00 00:00:00'),
(151, 9, 18, 20, 14, 'PAK HARNO', '2022-01-19', 'KOMPUTER BUNYI', 'KABEL TERKENA FAN', 'RAPIKAN KABEL', 'FRANKIE', '2022-01-19', '0000-00-00 00:00:00', '0000-00-00 00:00:00'),
(152, 10, 22, 58, 15, 'LUCKY', '2022-01-19', 'UPDATE 58 PAJAK VERSI 3.0 -> 3.1', 'UPDATE 58 PAJAK VERSI 3.0 -> 3.1', 'KE ICAGL, UPDATE 58 PAJAK, OK', 'FRANKIE', '2022-01-19', '0000-00-00 00:00:00', '0000-00-00 00:00:00'),
(153, 10, 20, 44, 14, 'PAK HARNO', '2022-01-19', 'KOMPUTER MASUK HIBERNATION', 'KOMPUTER MASUK HIBERNATION', 'SETTING POWER HDD HIBERNATION OFF', 'FRANKIE', '2022-01-19', '0000-00-00 00:00:00', '0000-00-00 00:00:00'),
(154, 10, 22, 58, 15, 'CI LIANGNIO', '2022-01-19', 'TIDAK BISA IMPORT CSV PAJAK', 'ADA KOLOM BARU PADA DATABASE', 'UPDATE PROGRAM CONVERT DATA ICL KE CSV', 'FRANKIE', '2022-01-19', '0000-00-00 00:00:00', '0000-00-00 00:00:00'),
(155, 10, 22, 53, 15, 'LIANG NIO', '2022-01-21', 'UPDATE PROGRAM U/ EXPORT ICL KE CSV U/ 58 TERBARU', 'UPDATE PROGRAM TARIK ICL KE CSV, TES TARIK MASIH ADA ERROR', 'PERBAIKI PROGRAM, UPDATE PROGRAM, TES TARIK & EXPERT KE CSV, TES IMPORT KE 58, OK', 'FRANKIE', '2022-01-21', '0000-00-00 00:00:00', '0000-00-00 00:00:00'),
(156, 10, 22, 55, 15, 'ALIN', '2022-01-21', 'MINTA FAKTUR ADA PRICELIST & AUTO GET PRICELIST', 'MINTA FAKTUR ADA PRICELIST & AUTO GET PRICELIST', 'BIKIN U/ BARU KHUSUS U/ INPUT FAKTUR & MASTER PRICELIST', 'FRANKIE', '2022-01-21', '0000-00-00 00:00:00', '0000-00-00 00:00:00'),
(157, 9, 17, 25, 14, 'PAK HARNO', '2022-01-25', 'HDD BUNYI, BOOT LAMBAT', 'HDD SUDAH MULAI BERMASALAH', 'GANTI SOCKET POWER SATA, JADWALKAN GANTI KE SSD', 'FRANKIE', '2022-01-25', '0000-00-00 00:00:00', '0000-00-00 00:00:00'),
(158, 10, 22, 58, 15, 'LIE-LIE', '2022-01-26', 'UPDATE 58 V 3.1', 'UPDATE 58 V 3.1', 'UPDATE 58 V 3.1', 'FRANKIE', '2022-01-26', '0000-00-00 00:00:00', '0000-00-00 00:00:00'),
(159, 9, 18, 31, 14, 'PAK HARNO', '2022-01-28', 'PASANG KONEKTOR & SET 41 DI VIHARA SERPONG (10 RJ-45 CONNECTOR)', 'TES INTERNET, INTERNET LAMBAT SPEED HANYA 4 MB DARI 40 MB', 'TES GANTI SWITCH, OK', 'FRANKIE', '2022-01-28', '0000-00-00 00:00:00', '0000-00-00 00:00:00'),
(160, 10, 22, 53, 15, 'BETTY', '2022-01-31', 'AR-JG TIDAK BISA TARIK ICL ERROR', 'TES GANTI PORT, TETAP TIDAK BISA KONEKSI', 'TES HARI RABU BAWA NOTEBOOK XP', 'FRANKIE', '2022-01-31', '0000-00-00 00:00:00', '0000-00-00 00:00:00'),
(161, 10, 22, 60, 14, 'PAK HARNO', '2022-02-04', 'TES UCOMP GP + DRIVER VERSI 1.2 DI 44 + KE UPS', 'MASIH TETAP TIDAK MAU TARIK DATA REAL TIME', ' INSTALL ULANG 20 MENJADI XP', 'FRANKIE', '2022-02-04', '0000-00-00 00:00:00', '0000-00-00 00:00:00'),
(162, 9, 16, 20, 17, 'WINARTI', '2022-02-04', 'KOMPUTER TIDAK MAU TAMPIL', 'KOMPUTER TIDAK MAU TAMPIL', 'KOMPUTER DI MRB SCRAP', 'SITI', '2022-02-04', '0000-00-00 00:00:00', '0000-00-00 00:00:00'),
(163, 9, 12, 11, 15, 'LUCKY', '2022-02-07', 'DVDROM KELUAR MASUK SENDIRI', 'DVDROM KELUAR MASUK SENDIRI', 'CABUT DVDROM', 'FRANKIE', '2022-02-07', '0000-00-00 00:00:00', '0000-00-00 00:00:00'),
(164, 10, 22, 60, 15, 'LIANG NIO', '2022-02-07', 'MEDAN EXPORT CSV TIDAK BISA DI IMPORT', 'PROGRAM EXPORT PAKAI PROGRAM CR, BUKAN ICL', 'INSTALL CR DI KOMP MEDAN, TES EXPORT CSV & IMPORT DI 58, OK', 'FRANKIE', '2022-02-07', '0000-00-00 00:00:00', '0000-00-00 00:00:00'),
(165, 10, 20, 43, 14, 'ICASV', '2022-02-07', 'AMBIL NOTEBOOK TES UPS U/ DI INSTALL ULANG KE WINDOWS XP', 'AMBIL NOTEBOOK TES UPS U/ DI INSTALL ULANG KE WINDOWS XP', 'AMBIL NOTEBOOK TES UPS U/ DI INSTALL ULANG KE WINDOWS XP', 'FRANKIE', '2022-02-07', '0000-00-00 00:00:00', '0000-00-00 00:00:00'),
(166, 9, 18, 37, 14, 'DEDI', '2022-02-09', 'SETTING NOTEBOOK TES UPS , INSTALL DRIVER USB-SERIAL & TES KONEKSI KE UPS & TES UCOMP', 'TES KONEKSI UCOMP GP DENGAN UPS', 'TES KONEKSI UCOMP GP DENGAN UPS', 'FRANKIE', '2022-02-09', '0000-00-00 00:00:00', '0000-00-00 00:00:00'),
(167, 9, 16, 21, 14, 'PAK HARNO', '2022-02-09', 'KOMPUTER BACA CM20 ERROR', 'CM20 ERROR', 'BATERAI CM20 BARU GANTI', 'FRANKIE', '2022-02-09', '0000-00-00 00:00:00', '0000-00-00 00:00:00'),
(168, 9, 17, 25, 17, 'ICHSAN', '2022-02-09', 'KOMPUTER TIDAK BISA MASUK WINDOWS', 'HARDDISK DAN POWER SUPPLY RUSAK', 'KOMPUTER DI MRB SCRAP', 'SITI', '2022-02-09', '0000-00-00 00:00:00', '0000-00-00 00:00:00'),
(169, 9, 18, 37, 14, 'PAK HARNO', '2022-02-09', 'UCOMP GP TIDAK MAU MUNCUL GRAFIK REAL TIME', '20 TIDAK SUPPORT', 'INSTALL 20 WINDOWS XP', 'FRANKIE', '2022-02-09', '0000-00-00 00:00:00', '0000-00-00 00:00:00'),
(170, 9, 18, 41, 17, 'CI YENTI', '2022-02-14', 'SAVE EXCEL LAMBAT', 'CONNECTOR RJ45 BERMASALAH', 'GANTI CONNECTOR', 'FRANKIE', '2022-02-14', '0000-00-00 00:00:00', '0000-00-00 00:00:00'),
(171, 9, 12, 13, 17, 'PAK PEPEN', '2022-02-14', 'GOOGLE MEET TIDAK ADA SOUND', 'JACK SOUND PANEL DEPAN RUSAK', 'PINDAH KE PANEL BELAKANG', 'FRANKIE', '2022-02-14', '0000-00-00 00:00:00', '0000-00-00 00:00:00'),
(172, 11, 27, 76, 15, 'CI BETTY', '2022-02-15', 'ADA INVOICE PIUTANG YANG TIDAK MUNCUL', 'SALAH PENULISAN ACCOUNT SALES PADA AR-JG', 'PERBAIKI LANGSUNG DI DATABASE KARENA SUDAH DI P20TING', 'FRANKIE', '2022-02-15', '0000-00-00 00:00:00', '0000-00-00 00:00:00'),
(173, 9, 16, 21, 14, 'PAK HARNO', '2022-02-15', 'GANTI BATERAI CM20', 'GANTI BATERAI CM20', 'GANTI BATERAI CM20', 'FRANKIE', '2022-02-15', '0000-00-00 00:00:00', '0000-00-00 00:00:00'),
(174, 9, 15, 15, 17, 'YANTI', '2022-02-16', 'HASIL PRINT SERING NUMPUK', 'HASIL PRINT SERING NUMPUK', '15 DIMUTASI KE IT', 'SITI', '2022-02-16', '0000-00-00 00:00:00', '0000-00-00 00:00:00'),
(175, 9, 15, 15, 17, 'ALAM', '2022-02-17', 'HASIL PRINT WARNA HITAM PUTUS-PUTUS', 'HASIL PRINT WARNA HITAM PUTUS-PUTUS', '15 TIDAK BISA DISERVICE (TIDAK ADA SPAREPART) 15 MUTASI KE IT', 'SITI', '2022-02-17', '0000-00-00 00:00:00', '0000-00-00 00:00:00'),
(176, 10, 24, 70, 17, 'RAHMAT', '2022-02-18', 'SETTING EMAIL YENTI@ICA.ID', 'SETTING EMAIL YENTI@ICA.ID', 'SETTING EMAIL YENTI@ICA.ID', 'FRANKIE', '2022-02-18', '0000-00-00 00:00:00', '0000-00-00 00:00:00'),
(177, 9, 15, 15, 15, 'DINA', '2022-02-23', 'PASANG & SETTING 15 EX BU.RINA DI DINA (L110)', 'PASANG & SETTING 15', 'INSTALL DAN SETTING 15 L110 DI KOMP DINA', 'FRANKIE', '2022-02-23', '0000-00-00 00:00:00', '0000-00-00 00:00:00'),
(178, 10, 22, 54, 15, 'BETTY', '2022-02-23', 'AR-JG TIDAK BISA TARIK DATA ICL', 'ADA KESALAHAN KODE KELAS', 'PERBAIKI KODE SALES DAN TARIK ULANG', 'FRANKIE', '2022-02-23', '0000-00-00 00:00:00', '0000-00-00 00:00:00'),
(179, 10, 24, 70, 14, 'ICASV', '2022-02-23', 'SETTING EMAIL ICA.ID', 'SETTING EMAIL ICA.ID', 'PAK HARNO TRAINING EMAIL ICA.ID SET FORWARDING, DANIA TRAINING EMAIL ICA.ID, CI LIE LIE TRAINING EMAIL ICA.ID & SET FORWARDING, BU RINA TRAINING  ICA.ID DAN SET FORWARDING', 'FRANKIE', '2022-02-23', '0000-00-00 00:00:00', '0000-00-00 00:00:00'),
(180, 10, 21, 48, 15, 'PAK YUSDI', '2022-02-23', 'PERPANJANG 48 KASPERSKY', 'ADOBE X32 SELALU AUTO UPDATE KE X64', 'INSTALL ADOBE X32 DAN MATIKAN AUTO UPDATE', 'FRANKIE', '2022-02-23', '0000-00-00 00:00:00', '0000-00-00 00:00:00'),
(181, 10, 22, 60, 17, 'RDMP', '2022-02-24', 'INSTALL SOFTWARE CREO 7.0', 'INSTALL SOFTWARE CREO 7.0', 'INSTALL SOFTWARE CREO 7.0', 'RAHMAT', '2022-02-24', '0000-00-00 00:00:00', '0000-00-00 00:00:00'),
(182, 10, 24, 70, 17, 'RUSDI', '2022-02-24', 'SETTING EMAIL ICA.ID DAN FORWADING', 'SETTING EMAIL ICA.ID DAN FORWADING', 'SETTING EMAIL ICA.ID DAN FORWADING', 'RAHMAT', '2022-02-24', '0000-00-00 00:00:00', '0000-00-00 00:00:00'),
(183, 10, 20, 45, 14, 'ISNUR', '2022-02-25', 'TIDAK BISA PRINT SHARE KE DINA', 'BEDA VERSI 20', 'PASANG AUTO SWITCH', 'FRANKIE', '2022-02-25', '0000-00-00 00:00:00', '0000-00-00 00:00:00'),
(184, 9, 18, 29, 15, 'DINA', '2022-02-25', 'PASANG AUT20WITCH PARALEL 15 ', 'PASANG PARALEL PCI-E DI KOMP', 'INSTALL DRIVER, PASANG AUT20WITCH PARALEL ', 'FRANKIE', '2022-02-25', '0000-00-00 00:00:00', '0000-00-00 00:00:00'),
(185, 9, 15, 15, 14, 'BU RINA', '2022-02-25', 'TIDAK BISA PRINT', 'ADA PRINT ERROR', 'DELETE PRINT ERROR, DAN PRINT ULANG', 'FRANKIE', '2022-02-25', '0000-00-00 00:00:00', '0000-00-00 00:00:00'),
(186, 10, 22, 60, 17, 'BU RENY', '2022-02-25', 'NITRO ERROR SAAT DIBUKA', 'APLIKASI CRASH', 'REPAIR NITRO', 'FRANKIE', '2022-02-25', '0000-00-00 00:00:00', '0000-00-00 00:00:00'),
(187, 9, 18, 31, 15, 'YUNI', '2022-03-02', 'INTERNET GLODOK B11 MATI SEMUA', 'SWITCH LT DASAR MATI TOTAL', 'GANTI SWITCH', 'FRANKIE', '2022-03-02', '0000-00-00 00:00:00', '0000-00-00 00:00:00'),
(188, 9, 18, 41, 15, 'DINA', '2022-03-02', 'WHATSAPP LAMBAT', 'SPEEDTEST INTERNET LAGI LAMBAT', 'SPEEDTEST INTERNET LAGI LAMBAT ', 'FRANKIE', '2022-03-02', '0000-00-00 00:00:00', '0000-00-00 00:00:00'),
(189, 9, 16, 19, 17, 'WHC4', '2022-03-07', 'TIDAK BISA MASUK WINDOWS', 'TIDAK BISA MASUK WINDOWS', 'GANTI POWER SUPPLY  DAN HARDDISK', 'RAHMAT', '2022-03-07', '0000-00-00 00:00:00', '0000-00-00 00:00:00'),
(190, 10, 22, 55, 15, 'ALIN', '2022-03-07', 'INSTALL SETTING, TRAINING, DAN TES PROGRAM FAKTUR', 'POHON TEMPAT JALUR KABEL DI TEBANG, KEMUNGKINAN ADA GANGGUAN SAAT PENEBANGAN', 'INSTALL PROGRAM FAKTUR, TES DAN TRAINING PROGRAM FAKTUR, SETELAH DI TES, DATA TAMPIL SAAT INDEX ULANG DATABASE, AJARI CARA INDEX ULANG, OK', 'FRANKIE', '2022-03-07', '0000-00-00 00:00:00', '0000-00-00 00:00:00'),
(191, 10, 24, 70, 14, 'KO ALAY', '2022-03-09', 'SETTING & TRAINING EMAIL ICA.ID, SETTING FORWARDING', 'SETTING EMAIL ICA.ID', 'SETTING FORWARDER DARI ICAUPS.CO.ID KE ICA.ID, KE ICAGL SETTING MAIL DI HP PAK YUSDI', 'FRANKIE', '2022-03-09', '0000-00-00 00:00:00', '0000-00-00 00:00:00'),
(192, 9, 18, 41, 17, 'SOLIDWORK', '2022-03-11', 'KOMPUTER INTERNET ERROR', 'KOMPUTER INTERNET ERROR', 'RESET IP ADDRESS', 'RAHMAT', '2022-03-11', '0000-00-00 00:00:00', '0000-00-00 00:00:00'),
(193, 10, 22, 60, 17, 'RUSDI', '2022-03-16', 'ADOBE ACROBAT ERROR', 'CEK SOFTWARE ADOBE ACROBAT', 'DOWNLOAD ADOBE DC, DISABLE AUTO UPDATE DAN DOWNLOAD FILE EFORM', 'RAHMAT', '2022-03-16', '0000-00-00 00:00:00', '0000-00-00 00:00:00'),
(194, 10, 22, 58, 15, 'RIBKA', '2022-03-16', 'KOMP 58 ERROR', 'KOMP 58, B2B KLIK INV TIDAK KELUAR LEMBAR PENAGIHAN, ', 'UNINSTALL FIREFOX, DOWNLOAD FIREFOX TERBARU & INSTALL, TES B2B OK', 'FRANKIE', '2022-03-16', '0000-00-00 00:00:00', '0000-00-00 00:00:00'),
(195, 9, 18, 32, 14, 'ICASV', '2022-03-16', 'INTERNET 32 TIDAK BISA CONNECT', 'INTERNET 32 TIDAK BISA CONNECT', 'RESTART ROUTER, OK', 'FRANKIE', '2022-03-16', '0000-00-00 00:00:00', '0000-00-00 00:00:00'),
(196, 9, 18, 32, 14, 'DINA', '2022-03-16', 'INTERNET 32 ICASV LT1 TIDAK BISA CONNECT', '32 HANG', 'RESTART ROUTER', 'FRANKIE', '2022-03-16', '0000-00-00 00:00:00', '0000-00-00 00:00:00'),
(197, 9, 16, 19, 17, 'AGUS.QA', '2022-03-16', 'POWER SUPPLY BAU TERBAKAR', 'POWER SUPPLY BAU TERBAKAR', 'GANTI POWER SUPPLY', 'RAHMAT', '2022-03-16', '0000-00-00 00:00:00', '0000-00-00 00:00:00'),
(198, 10, 24, 65, 15, 'CI LIANGNIO', '2022-03-16', 'WEB APLIKASI B2B INDOMARET EROR', 'WEB APLIKASI B2B INDOMARET ERROR', 'UPDATE BROWSER FIREFOX', 'FRANKIE', '2022-03-16', '0000-00-00 00:00:00', '0000-00-00 00:00:00'),
(199, 9, 18, 39, 17, 'JOHAN', '2022-03-17', 'SAAT ADAPTER DICOLOK NOTEBOOK LANGSUNG NYALA, LALU MATI DAN NYALA', 'SAAT ADAPTER DICOLOK NOTEBOOK LANGSUNG NYALA, LALU MATI DAN NYALA', 'SERVICE KE ADL COMPUTER GANTI IC POWER, KAASITOR DAN DIODA', 'RAHMAT', '2022-03-17', '0000-00-00 00:00:00', '0000-00-00 00:00:00'),
(200, 9, 12, 7, 15, 'LUCKY', '2022-03-17', 'TIDAK BISA SCAN, HANG, ERROR', '7 BERMASALAH', 'RENCANAKAN GANTI 7', 'FRANKIE', '2022-03-17', '0000-00-00 00:00:00', '0000-00-00 00:00:00'),
(201, 9, 16, 20, 14, 'PAK HARNO', '2022-03-17', 'KOMP SAAT BOOT MASUK BI20', 'DATE/TIME RESET DEFAULT', 'JADWALKAN GANTI KOMPUTER', 'FRANKIE', '2022-03-17', '0000-00-00 00:00:00', '0000-00-00 00:00:00'),
(202, 9, 17, 25, 15, 'ALMA', '2022-03-21', 'KOMP BACKUP SERVER BLUE SCREEN', 'HDD MASALAH', 'CHECK DISK', 'FRANKIE', '2022-03-21', '0000-00-00 00:00:00', '0000-00-00 00:00:00'),
(203, 9, 18, 35, 14, 'DANIA', '2022-03-21', 'TIDAK BISA INTERNET DAN CONNECT SERVER', '35 RUSAK', 'GANTI 35', 'FRANKIE', '2022-03-21', '0000-00-00 00:00:00', '0000-00-00 00:00:00'),
(204, 9, 15, 15, 14, 'DINA', '2022-03-21', 'TIDAK BISA PRINT KE EPSON L110', 'SALAH PRINT HALAMAN K20ONG YANG PERTAMA', 'MASUKKAN KERTAS LEBIH DARI 1', 'FRANKIE', '2022-03-21', '0000-00-00 00:00:00', '0000-00-00 00:00:00'),
(205, 9, 18, 35, 14, 'DANIA', '2022-03-22', 'GANTI 35 YANG RUSAK', 'GANTI 35 KOMP DANIA', 'SETTING & TES SERVER & INTERNET', 'FRANKIE', '2022-03-22', '0000-00-00 00:00:00', '0000-00-00 00:00:00'),
(206, 10, 22, 60, 14, 'DINA', '2022-03-22', 'WA TIDAK LOGIN, MINTA BARCODE LAGI SCAN ULANG', 'ADA 1 FILE TIDAK BISA DI DOWNLOAD', 'TES DARI HP JUGA TIDAK BISA DI DOWNLOAD, KEMUNGKINAN SOURCE DARI PENGIRIM SUDAH DIHAPUS', 'FRANKIE', '2022-03-22', '0000-00-00 00:00:00', '0000-00-00 00:00:00'),
(207, 9, 12, 10, 17, 'PROD.07B', '2022-03-23', 'USER SUSAH ABSEN', 'SENSOR RUSAK', '10 DIMUTASI KE IT, GANTI 10', 'SITI', '2022-03-23', '0000-00-00 00:00:00', '0000-00-00 00:00:00'),
(208, 9, 18, 31, 14, 'DINA', '2022-03-24', 'SEMUA USER TIDAK BISA KONEK KE SERVER DAN INTERNET', 'SWITCH LT DASAR PORT 23 BERMASALAH', 'CABUT KABEL LAN PADA PORT 23', 'FRANKIE', '2022-03-24', '0000-00-00 00:00:00', '0000-00-00 00:00:00'),
(209, 9, 18, 32, 15, 'CI LIANGNIO', '2022-03-25', 'TIDAK BISA CONNECT 32', '32 ADAPTER BERMASALAH', 'GANTI ADAPTER 32', 'FRANKIE', '2022-03-25', '0000-00-00 00:00:00', '0000-00-00 00:00:00'),
(210, 9, 12, 7, 15, 'LUCKY', '2022-03-25', 'PASANG & SETTING 7 U/ LUCKY DI KOMP 59', 'KONEKSI KE SERVER MASIH AGAK SUSAH', 'KE KOMP 59, PASANG & INSTALL DRIVER 7, OK', 'FRANKIE', '2022-03-25', '0000-00-00 00:00:00', '0000-00-00 00:00:00'),
(211, 9, 12, 10, 14, 'PAK HARNO', '2022-03-25', 'TIDAK BISA CONNECT KE MESIN ABSEN', 'CONNECTOR YANG BIKIN TIDAK BISA CONNECT SERVER & INTERNET', 'RESTART 10, TES SERVER & INTERNET OK', 'FRANKIE', '2022-03-25', '0000-00-00 00:00:00', '0000-00-00 00:00:00'),
(212, 9, 18, 41, 15, 'LIANG NIO', '2022-03-28', 'PASANG & SETTING 32', 'CONNECT TAPI TIDAK BISA INTERNET', 'UNINSTALL DRIVER 39 YANG LAMA, DOWNLOAD & INSTALL DRIVER 32 ADAPTER TP LINK 725N', 'FRANKIE', '2022-03-28', '0000-00-00 00:00:00', '0000-00-00 00:00:00'),
(213, 10, 22, 60, 15, 'ADI', '2022-03-28', 'PASSWORD OUTLOOOK SUDAH INGAT, TAPI TIDAK BISA SEND/RECEIVE', 'PASSWORD OUTLOOOK SUDAH INGAT, TAPI TIDAK BISA SEND/RECEIVE', 'CEK OPTION, CEK PASSWORD, CEK LESS SECURE APP OFF, SET ON, SEND/RECEIVE', 'FRANKIE', '2022-03-28', '0000-00-00 00:00:00', '0000-00-00 00:00:00'),
(214, 10, 22, 54, 15, 'RIBKA', '2022-03-28', 'DIAS MASIH ADA ERROR', 'BEKASI, NOMOR MASIH ADA PADAHAL STACK SUDAH K20ONG, ADA SERI YANG DOUBLE', 'HAPUS NOMOR SERI YANG DOUBLE BY ULTRAVIEWER', 'FRANKIE', '2022-03-28', '0000-00-00 00:00:00', '0000-00-00 00:00:00'),
(215, 9, 18, 39, 14, 'DINA', '2022-03-29', 'MONITOR SUKA TIDAK MAU TAMPIL', 'COLOKAN T KENDOR', 'GANTI COLOKAN T', 'FRANKIE', '2022-03-29', '0000-00-00 00:00:00', '0000-00-00 00:00:00'),
(216, 10, 22, 53, 15, 'FELICIA', '2022-03-31', 'UPDATE ICL PPN NAIK JADI 11% PPN TIDAK MAU TERHITUNG', 'TES ICL U/ 11%, PPN TIDAK MAU GENERATE', 'LAPOR KE PAK PETERUS, PPN PRC HARUS DISET 11%, TES BY USER', 'FRANKIE', '2022-03-31', '0000-00-00 00:00:00', '0000-00-00 00:00:00'),
(217, 10, 15, 15, 15, 'DESY', '2022-03-31', 'TIDAK BISA PRINT', 'TIDAK BISA PRINT', 'INSTALL ULANG DRIVER', 'FRANKIE', '2022-03-31', '0000-00-00 00:00:00', '0000-00-00 00:00:00'),
(218, 10, 20, 43, 14, 'PURNA', '2022-04-04', 'TIDAK BISA MASUK WINDOWS', 'PROFILE RUSAK', 'DELETE PROFILE DAN RE-JOIN DOMAIN', 'FRANKIE', '2022-04-04', '0000-00-00 00:00:00', '0000-00-00 00:00:00'),
(219, 10, 22, 58, 15, 'RIBKA', '2022-04-04', 'UPDATE 58 3.2. (ICAGL,ICASV) ', 'UPDATE 58 3.1 -> 3.2', 'RESTORE DB & TES BY USER', 'FRANKIE', '2022-04-04', '0000-00-00 00:00:00', '0000-00-00 00:00:00'),
(220, 9, 16, 20, 14, 'ICASV', '2022-04-04', 'ICASV LT.1 KOMP EX DIAN MAU NAIK LT.4', 'CEK P20ISI U/ USER PINDAH KE LT.4', 'ADA KABEL NGANGGUR TES ULUR & CUKUP U/ P20ISI USER PINDAH', 'FRANKIE', '2022-04-04', '0000-00-00 00:00:00', '0000-00-00 00:00:00'),
(221, 10, 22, 54, 15, 'LIANG NIO', '2022-04-04', 'DAIS LAMBAT', 'TES PING MASIH IP.6, SUDAH TURN OFF IP.6', 'RESET WINSOCK, FLASH DNS, DELETE REGISTRY, TES PING, OK IP.4', 'FRANKIE', '2022-04-04', '0000-00-00 00:00:00', '0000-00-00 00:00:00'),
(222, 10, 22, 59, 15, 'CI LIANI', '2022-04-04', 'INSTALL & SETTING ESPT', 'MINTA INSTALL & SETTING ESPT PASAL 4 (2)', 'INSTALL & SETTING ESPT', 'FRANKIE', '2022-04-04', '0000-00-00 00:00:00', '0000-00-00 00:00:00'),
(223, 9, 15, 15, 14, 'DINA', '2022-04-04', 'TIDAK BISA PRINT', 'VMWARE BELUM DIMATIKAN', 'MATIKAN VMWARE', 'FRANKIE', '2022-04-04', '0000-00-00 00:00:00', '0000-00-00 00:00:00'),
(224, 9, 16, 23, 14, 'PURNA', '2022-04-05', 'TIDAK BISA MASUK WINDOWS', 'PROFILE RUSAK, DRIVE C:\\ FULL', 'CHECKDISK, PINDAHKAN DOKUMEN KE DRIVE D:\\ HAPUS SEMUA PROFILE, REJOIN DOMAIN, OK', 'FRANKIE', '2022-04-05', '0000-00-00 00:00:00', '0000-00-00 00:00:00'),
(225, 9, 16, 20, 14, 'PAK HARNO', '2022-04-05', 'KOMPUTER LAMBAT', 'KOMPUTER LAMBAT', 'RESTART, BOOT FROM LAST KNOWN GOOD', 'FRANKIE', '2022-04-05', '0000-00-00 00:00:00', '0000-00-00 00:00:00'),
(226, 9, 16, 20, 15, 'LIE-LIE', '2022-04-06', 'KOMP EX DIAN NAIK KE LT. 4', 'ANGKAT MEJA, KURSI, KOMP, MONITOR, UPS, 15 KE LT.4', 'ATUR P20ISI MEJA, UPS, KOMP, 15. PASANG KOMP, TES BY USER (CHRISTIN), BUKA AKSES PROGRAM DAIS, RAPIKAN KABEL', 'FRANKIE', '2022-04-06', '0000-00-00 00:00:00', '0000-00-00 00:00:00'),
(227, 9, 15, 15, 14, 'PURNA', '2022-04-06', 'TIDAK BISA PRINT KE PRINT SHARE DANIA', 'SHARE 15 HILANG', 'ADD SHARE PRINT', 'FRANKIE', '2022-04-06', '0000-00-00 00:00:00', '0000-00-00 00:00:00'),
(228, 11, 25, 71, 14, 'DINA', '2022-04-07', 'FAKTUR DOUBLE', 'SALAH PENCET', 'HAPUS DOUBLE', 'FRANKIE', '2022-04-07', '0000-00-00 00:00:00', '0000-00-00 00:00:00'),
(229, 9, 18, 31, 15, 'FELICIA', '2022-04-07', 'INTERNET LT 3 DAN 4 MATI', 'SWITCH DI LT3 MATI, 39 DIGIGIT TIKUS', 'GANTI SWITCH DARI PABRIK', 'FRANKIE', '2022-04-07', '0000-00-00 00:00:00', '0000-00-00 00:00:00'),
(230, 9, 18, 31, 15, 'FELICIA', '2022-04-08', 'PASANG SWITCH BARU 16 PORT DI LT.3', 'PASANG SWITCH LT.3', 'PASANG SWITCH BARU LT.3', 'FRANKIE', '2022-04-08', '0000-00-00 00:00:00', '0000-00-00 00:00:00'),
(231, 10, 22, 53, 15, 'LIANG NIO', '2022-04-08', 'IMPORT ERROR, DPP,PPN TIDAK SESUA NILAI OBJEK', 'IMPORT ERROR, DPP,PPN TIDAK SESUAI NILAI OBJEK PAJAK', 'MUNDUR VERSI TARIK DATA', 'FRANKIE', '2022-04-08', '0000-00-00 00:00:00', '0000-00-00 00:00:00'),
(232, 10, 22, 53, 15, 'BETTY', '2022-04-08', 'BANYAK INVOICE YANG MAU BERUBAH PPN 11%', 'BANYAK INVOICE YANG MAU BERUBAH PPN 11% ', 'HAPUS SEMUA INVOICE INDOMARCO TGL 5 & 6 APRIL 2022 (DI DATABASE)', 'FRANKIE', '2022-04-08', '0000-00-00 00:00:00', '0000-00-00 00:00:00');
INSERT INTO `problem_reports` (`id`, `category_id`, `subcategory_id`, `subsubcategory_id`, `branch_id`, `user`, `report_date`, `detail_report`, `cause`, `solution`, `by`, `finish_date`, `created_at`, `updated_at`) VALUES
(233, 10, 22, 54, 15, 'FELICIA', '2022-04-08', 'RUBAH INVOICE', 'TARIK ULANG INVOICE TGL 5/4/22 & 6/4/22 ', 'IMPORT KE DAIS P20TING', 'FRANKIE', '2022-04-08', '0000-00-00 00:00:00', '0000-00-00 00:00:00'),
(234, 9, 17, 25, 17, 'CI WATY', '2022-04-11', 'KOMPUTER BACKUP SERVER BLUESCREEN', 'HDD MULAI BERMASALAH, MAU RUSAK', 'CHECK DISK DAN GANTI HDD', 'FRANKIE', '2022-04-11', '0000-00-00 00:00:00', '0000-00-00 00:00:00'),
(235, 9, 12, 9, 14, 'CI ELLY', '2022-04-11', 'PASANG & SETTING WEB CAMERA + EARPHONE KOMP CI ELLY + PAK HARNO', 'CAMERA TIDAK BISA ON', 'TES UPDATE DRIVER, HARUS UPDATE WINDOWS, OK', 'FRANKIE', '2022-04-11', '0000-00-00 00:00:00', '0000-00-00 00:00:00'),
(236, 11, 25, 71, 14, 'DINA', '2022-04-11', 'FAKTUR DOUBLE', 'SALAH PENCET', 'HAPUS DOUBLE', 'FRANKIE', '2022-04-11', '0000-00-00 00:00:00', '0000-00-00 00:00:00'),
(237, 10, 22, 53, 15, 'LIANG NIO', '2022-04-11', 'UPDATE PROGRAM DAN TES U/ PENARIKAN DATA DARI ICL KE CSV (HARGA SATUAN, DISKON, PPN)', 'TES IMPORT TIDAK BISA ERROR', 'HARGA SATUAN TIDAK BOLEH KOMA, UBAH CODING  HARGA SATUAN PEMBULATAN, TES IMPORT OK.', 'FRANKIE', '2022-04-11', '0000-00-00 00:00:00', '0000-00-00 00:00:00'),
(238, 10, 24, 70, 14, 'BU RINA', '2022-04-11', 'TIDAK BISA EMAIL', 'GMAIL BERMASALAH', 'PAKAI WEBMAIL.ICA.ID', 'FRANKIE', '2022-04-11', '0000-00-00 00:00:00', '0000-00-00 00:00:00'),
(239, 9, 16, 19, 17, 'ADMPRC1', '2022-04-12', 'KOMPUTER TIDAK BISA MASUK WINDOWS', 'HDD SERING TIDAK TERDETEKSI', 'GANTI POWER SUPPLY', 'RAHMAT', '2022-04-12', '0000-00-00 00:00:00', '0000-00-00 00:00:00'),
(240, 9, 16, 21, 17, 'SUTIKNO', '2022-04-14', 'KOMPUTER TIDAK BISA MASUK WINDOWS', 'CM20 BERMASALAH', 'GANTI CM20 BATTERY', 'RAHMAT', '2022-04-14', '0000-00-00 00:00:00', '0000-00-00 00:00:00'),
(241, 9, 12, 10, 14, 'PAK HARNO', '2022-04-14', 'KONEKSI 10 BUAT KONEKSI PUTUS\"', 'MODUL LAN BERMASALAH', 'GANTI 10', 'FRANKIE', '2022-04-14', '0000-00-00 00:00:00', '0000-00-00 00:00:00'),
(242, 10, 21, 50, 14, 'KO AWIE', '2022-04-14', 'RECORD PUTUS\", SUKA RESTART', 'HDD BERMASALAH', 'FORMAT HDD', 'FRANKIE', '2022-04-14', '0000-00-00 00:00:00', '0000-00-00 00:00:00'),
(243, 9, 15, 15, 15, 'FELICIA', '2022-04-14', 'HASIL PRINT INV PJK 5 BARIS TAPI FULL FORM', 'HASIL PRINT INV PJK 5 BARIS TAPI FULL FORM', 'HARUSNYA 1/2 FORM', 'FRANKIE', '2022-04-14', '0000-00-00 00:00:00', '0000-00-00 00:00:00'),
(244, 10, 21, 50, 14, 'KO AWIE', '2022-04-18', 'HDD TIDAK TERDETECT, RESTART SENDIRI', 'HDD BERMASALAH', 'GANTI HDD (SECOND)', 'FRANKIE', '2022-04-18', '0000-00-00 00:00:00', '0000-00-00 00:00:00'),
(245, 10, 22, 60, 14, 'PAK HARNO', '2022-04-18', 'TES WEBCAM & EARPHONE TIDAK TERDETEK ', 'TES WEBCAM & EARPHONE TIDAK TERDETEK, DOWNLOAD DRIVER LAMBAT', 'MINTA RAHMAT DOWNLOAD DAN TARUH DI ICANAS, DOWNLOAD DRIVER & SOFTWARE DARI ICANAS, INSTALL & TES', 'FRANKIE', '2022-04-18', '0000-00-00 00:00:00', '0000-00-00 00:00:00'),
(246, 9, 17, 25, 14, 'KO AWIE', '2022-04-19', 'HDD TIDAK TERDETECT', 'HDD TIDAK TERDETECT', 'GANTI HDD BARU DAN GANTI KABEL SATA2', 'FRANKIE', '2022-04-19', '0000-00-00 00:00:00', '0000-00-00 00:00:00'),
(247, 10, 22, 60, 14, 'PAK HARNO', '2022-04-19', 'TES KOMP DOWNLOAD ', 'TES KOMP DOWNLOAD ', 'INSTALL MS EDGE, INSTALL ULANG PROGRAM ABSEN ENGLISH VERSION, MAPPING SERVER, ADD 15 SHARING', 'FRANKIE', '2022-04-19', '0000-00-00 00:00:00', '0000-00-00 00:00:00'),
(248, 9, 18, 41, 17, 'RDMP', '2022-04-19', 'EMAIL KOMPUTER RDMP ERROR', 'EMAIL KOMPUTER RDMP ERROR', 'SETTING ULANG EMAIL RDMP@OINTARI.CO.ID', 'RAHMAT', '2022-04-19', '0000-00-00 00:00:00', '0000-00-00 00:00:00'),
(249, 9, 12, 6, 17, 'WARDOYO', '2022-04-19', 'TOMBOL ALT TIDAK BERFUNGSI', 'KEYBOARD RUSAK', 'GANTI KEYBOARD', 'SITI', '2022-04-19', '0000-00-00 00:00:00', '0000-00-00 00:00:00'),
(250, 9, 15, 15, 17, 'RIZKI', '2022-04-20', '15 BUNYI', '15 BUNYI', 'RESET 15', 'FRANKIE', '2022-04-20', '0000-00-00 00:00:00', '0000-00-00 00:00:00'),
(251, 9, 16, 19, 17, 'JOHAN', '2022-04-20', 'CD RW TIDAK TERDETECT', 'POWER SUPPLY LEMAH', 'GANTI POWER SUPPLY', 'RAHMAT', '2022-04-20', '0000-00-00 00:00:00', '0000-00-00 00:00:00'),
(252, 9, 15, 15, 15, 'FELICIA', '2022-04-22', 'TIDAK BISA PRINT', 'KABEL PARALEL DIGIGIT TIKUS', 'GANTI KABEL PARALEL', 'FRANKIE', '2022-04-22', '0000-00-00 00:00:00', '0000-00-00 00:00:00'),
(253, 9, 16, 19, 15, 'FENTI', '2022-04-22', 'KOMPUTER TIDAK MAU TAMPIL', 'POWER SUPPLY BERMASALAH', 'GANTI POWER SUPPLY', 'FRANKIE', '2022-04-22', '0000-00-00 00:00:00', '0000-00-00 00:00:00'),
(254, 9, 18, 41, 15, 'LIANG NIO', '2022-04-22', 'INTERNET LAMBAT & DAIS SAAT P20TING LAMA', 'INTERNET LAMBAT', 'RESTORE SISTEM SET ULANG, SET VMWARE XP U/ DAIS OK', 'FRANKIE', '2022-04-22', '0000-00-00 00:00:00', '0000-00-00 00:00:00'),
(255, 9, 17, 25, 15, 'ALMA', '2022-04-22', 'KOMP BACKUP SERVER TIDAK MAU BOOT', 'HDD SUDAH BAD CLUSTER', 'CHECK DISK', 'FRANKIE', '2022-04-22', '0000-00-00 00:00:00', '0000-00-00 00:00:00'),
(256, 9, 18, 41, 14, 'CHRISTIN', '2022-04-26', 'KONEKSI KE SERVER TIDAK BISA', 'PING PUTUS\", PENGAIT KONEKTOR RJ45 PATAH', 'GANTI KONEKTOR', 'FRANKIE', '2022-04-26', '0000-00-00 00:00:00', '0000-00-00 00:00:00'),
(257, 10, 22, 53, 15, 'LIANI', '2022-04-26', 'LAPORAN HARIAN INVOICE TO EXCEL ADA HASIL TIDAK SESUAI', 'TES OUTPUT INV DARI ICL, ADA ERROR', 'CEK PROGRAM, CEK BUG, PERBAIKI & UPDATE, TES TARIK OK, UPDATE DI PROGRAM KOMPUTER CI LIANI DAN DESY', 'FRANKIE', '2022-04-26', '0000-00-00 00:00:00', '0000-00-00 00:00:00'),
(258, 10, 22, 58, 15, 'JG,SV', '2022-04-27', '58 ALAMAT HARUS SESUAI TUJUAN PENGIRIMAN', 'APLIKASI DARI PAJAK TIDAK SUPPORT', 'BUAT PROGRAM AGAR 1 CUSTOMER BISA BANYAK ALAMAT UNTUK 58', 'FRANKIE', '2022-04-27', '0000-00-00 00:00:00', '0000-00-00 00:00:00'),
(259, 9, 18, 29, 14, 'CHRISTIN', '2022-04-27', 'KONEKSI KE SERVER SERING PUTUS', 'KONEKSI KE SERVER SUKA PUTUS', 'BERSIHKAN PCI-E LAN, KENCANGNKAN CONNECTOR, TES KONEKSI, OK', 'FRANKIE', '2022-04-27', '0000-00-00 00:00:00', '0000-00-00 00:00:00'),
(260, 10, 22, 60, 15, 'LIE-LIE', '2022-05-11', 'INSTALL SETTING & TES PROGRAM EXPORT CSV 1 NPWP BANYAK ADDRESS', 'MINTA RUBAH TEXT RATA KIRI', 'TAMBAH MODUL SEARCH PADA MST CUSTOMER, TRAINING & TES EXPORT IMPORT, OK', 'FRANKIE', '2022-05-11', '0000-00-00 00:00:00', '0000-00-00 00:00:00'),
(261, 9, 17, 25, 14, 'PURNA', '2022-05-11', 'TIDAK BISA SAVE DATA EXCEL', 'HDD FULL', 'UPGRADE KAPASITAS HDD, GANTI HDD', 'FRANKIE', '2022-05-11', '0000-00-00 00:00:00', '0000-00-00 00:00:00'),
(262, 10, 22, 53, 15, 'ICAGL', '2022-05-11', 'ADA PERMINTAAN PERUBAHAN PROGRAM ICL & PENAMBAHAN PROGRAM TARIK ICL -> CSV', 'ADA PERMINTAAN PERUBAHAN PROGRAM ICL & PENAMBAHAN PROGRAM TARIK ICL -> CSV', 'ADA PERMINTAAN PERUBAHAN PROGRAM ICL & PENAMBAHAN PROGRAM TARIK ICL -> CSV', 'FRANKIE', '2022-05-11', '0000-00-00 00:00:00', '0000-00-00 00:00:00'),
(263, 9, 17, 25, 14, 'PURNA', '2022-05-12', 'UPGRADE HDD PURNA, DISK FULL', 'GANTI HDD ', 'TIDAK JADI GANTI, HAPUS DATA, SPLIT PARTISI, MERGE PARTISI KE SYSTEM (20GB)', 'FRANKIE', '2022-05-12', '0000-00-00 00:00:00', '0000-00-00 00:00:00'),
(264, 10, 22, 53, 15, 'BETTY', '2022-05-12', 'REKTUR TIDAK SESUAI CUSTOMER', 'REKTUR TIDAK SESUAI ', 'SETELAH DI CEK TERNYATA SUDAH BENAR, ICL REKTUR SESUAI DELIVERY, DAIS SESUAI CUSTOMER CI BETTY HANYA LIAT ICL', 'FRANKIE', '2022-05-12', '0000-00-00 00:00:00', '0000-00-00 00:00:00'),
(265, 9, 18, 41, 15, 'CI LIANI', '2022-05-12', 'TELEPON TIDAK BISA', 'KABEL TELEPON DI GIGIT TIKUS', 'GANTI KABEL TELEPON', 'FRANKIE', '2022-05-12', '0000-00-00 00:00:00', '0000-00-00 00:00:00'),
(266, 10, 22, 58, 14, 'LIE-LIE', '2022-05-12', 'TIDAK BISA IMPORT CSV 58', 'NOMOR FAKTUR SUDAH TERPAKAI UNTUK TES', 'HAPUS NOMOR FAKTUR DAN IMPORT ULANG', 'FRANKIE', '2022-05-12', '0000-00-00 00:00:00', '0000-00-00 00:00:00'),
(267, 9, 18, 38, 15, 'KO ADI', '2022-05-13', 'WEBMAIL.ICA.ID TIDAK BISA DI AKSES', 'ISP TELKOM TIDAK BISA AKSES WEBMAIL.ICA.ID', 'TELEPON TELKOM UNTUK KOMPLAIN', 'FRANKIE', '2022-05-13', '0000-00-00 00:00:00', '0000-00-00 00:00:00'),
(268, 10, 22, 53, 15, 'ALIN', '2022-05-17', 'UPDATE PROGRAM TARIK DATA ICL -> CSV', 'UPDATE PROGRAM ICL -> CSV', 'TRAINING CI LIANG NIO CARA PAKAI, AJARI CARA EXPORT 58 & CSV & OPEN DI EXCEL', 'FRANKIE', '2022-05-17', '0000-00-00 00:00:00', '0000-00-00 00:00:00'),
(269, 9, 17, 25, 15, 'ALIN', '2022-05-17', 'GANTI HDD & KABEL SATA U/ DVR (HDD BARU)', 'GANTI HDD BARU', 'PASANG HDD CCTV BARU OK', 'FRANKIE', '2022-05-17', '0000-00-00 00:00:00', '0000-00-00 00:00:00'),
(270, 10, 22, 58, 15, 'LIANG NIO', '2022-05-17', 'INPUT ALAMAT CUSTOMER', 'AJARI CARA CEPAT INPUT ALAMAT', 'AJARI CARA CEPAT INPUT ALAMAT CUSTOMER BARU', 'FRANKIE', '2022-05-17', '0000-00-00 00:00:00', '0000-00-00 00:00:00'),
(271, 10, 22, 60, 15, 'PAK YUSDI', '2022-05-18', 'TIDAK BISA ZOOM DAN BROWSING', 'ZOOM TIDAK ADA DAN DATE/TIME TIDAK SESUAI. DIMAININ CUCU.', 'INSTALL ZOOM DAN SET DATE/TIME', 'FRANKIE', '2022-05-18', '0000-00-00 00:00:00', '0000-00-00 00:00:00'),
(272, 9, 16, 21, 15, 'LUCKY', '2022-05-18', 'DATE/TIME RESET DEFAULT', 'BATERAI CM20 HABIS', 'GANTI BATERAI CM20', 'FRANKIE', '2022-05-18', '0000-00-00 00:00:00', '0000-00-00 00:00:00'),
(273, 10, 22, 60, 14, 'PAK HARNO', '2022-05-18', 'SOFTWARE HIOKI TIDAK BISA KONEK KEMESIN', 'SALAH DRIVER', 'DOWNLOAD DRIVER YANG BENAR (PROFILIC 2.0.4)', 'FRANKIE', '2022-05-18', '0000-00-00 00:00:00', '0000-00-00 00:00:00'),
(274, 9, 16, 21, 15, 'LUCKY', '2022-05-20', 'DATE/TIME RESET TERUS', 'GANTI BATERAI CM20 KOMP ESPT,', ' GANTI BATERAI CM20 KOMP PAJAK KONSULTAN', 'FRANKIE', '2022-05-20', '0000-00-00 00:00:00', '0000-00-00 00:00:00'),
(275, 10, 22, 53, 17, 'WATY', '2022-05-20', 'UPDATE PROGRAM TARIK ICL -> SV AGAR BISA REPORT FAKTUR PAJAK HARIAN', 'UPDATE PROGRAM TARIK ICL -> SV AGAR BISA REPORT FAKTUR PAJAK HARIAN', 'TRAINING CARA PAKAINYA', 'FRANKIE', '2022-05-20', '0000-00-00 00:00:00', '0000-00-00 00:00:00'),
(276, 9, 15, 14, 15, 'ALMA', '2022-05-23', 'KOMP BACKUP SERVER TIDAK MAU TAMPIL', 'MONITOR ADA BAU HANGUS', 'TUKAR MONITOR', 'FRANKIE', '2022-05-23', '0000-00-00 00:00:00', '0000-00-00 00:00:00'),
(277, 9, 16, 22, 15, 'LIANG NIO', '2022-05-24', 'KOMP 1 SETTING ULANG (LAMBAT)', 'KOMP 1 SETTING ULANG (LAMBAT)', 'AMBIL CPU DI GUDANG', 'FRANKIE', '2022-05-24', '0000-00-00 00:00:00', '0000-00-00 00:00:00'),
(278, 9, 18, 31, 15, 'LIANG NIO', '2022-05-24', 'TARIK KABEL LAN DARI SWITCH LT.3 KE CPU CI LIANG NIO', 'PASANG & SETTING KOMP CI LIANG NIO', 'BACKUP SYSTEM', 'FRANKIE', '2022-05-24', '0000-00-00 00:00:00', '0000-00-00 00:00:00'),
(279, 10, 22, 55, 15, 'CI LIANI', '2022-05-24', 'REPORT FAKTUR NGACO', 'MASIH ADA NGACO HARGA SATUAN', 'PERBAIKI', 'FRANKIE', '2022-05-24', '0000-00-00 00:00:00', '0000-00-00 00:00:00'),
(280, 10, 24, 65, 15, 'LIANG NIO', '2022-05-24', 'TANYA B2B INDO GR20IR', 'B2B MASIH BELUM EFEKTIF', 'B2B MASIH BELUM BISA EFEKTIF PER 1 JUNI 2022', 'FRANKIE', '2022-05-24', '0000-00-00 00:00:00', '0000-00-00 00:00:00'),
(281, 10, 22, 56, 15, 'CI LIANI', '2022-05-30', 'LAPORAN HARIAN HARGA DAN QTY TIDAK SESUAI', 'ADA BUG PROGRAM', 'PERBAIKI PROGRAM', 'FRANKIE', '2022-05-30', '0000-00-00 00:00:00', '0000-00-00 00:00:00'),
(282, 9, 17, 25, 15, 'FELICIA', '2022-05-30', 'BACKUP SERVER BLUE SCREEN', 'BAD CLUSTER', 'RECOVER ', 'FRANKIE', '2022-05-30', '0000-00-00 00:00:00', '0000-00-00 00:00:00'),
(283, 9, 16, 21, 15, 'LUCKY', '2022-06-07', 'KOMPUTER 59, DATE/TIME RESET', 'KOMP TIDAK MAU TAMPIL', 'GANTI BATERAI CM20 KOMP ESPT ', 'FRANKIE', '2022-06-07', '0000-00-00 00:00:00', '0000-00-00 00:00:00'),
(284, 9, 16, 20, 14, 'PAK HARNO', '2022-06-07', 'SET ICABOX & ICANAS DI KOMP PAK HARNO', 'SET KOMP PAK HARNO', 'INSTALL AEC, ADD ICABOX, REMOVE CTRL + ALT + DEL LOGIN', 'FRANKIE', '2022-06-07', '0000-00-00 00:00:00', '0000-00-00 00:00:00'),
(285, 10, 20, 42, 14, 'CI ELLY', '2022-06-07', 'TIDAK BISA INPUT SERI', 'TIDAK MUNCUL FIK 7IP,DBF', 'TELP PABRIK HARUS WINDOWS 98', 'FRANKIE', '2022-06-07', '0000-00-00 00:00:00', '0000-00-00 00:00:00'),
(286, 10, 20, 42, 14, 'CI ELLY', '2022-06-08', 'SET WIN 98 U/ IMPORT SERI DARI GLODOK', 'KOMP DANIA SET VMWARE WINDOWS 98', 'DATABASE OPEN, SEDANG IMPORT JAN - 2022, SELESAIKAN DULU IMPORT TES TARIK DATA SERI, OK', 'FRANKIE', '2022-06-08', '0000-00-00 00:00:00', '0000-00-00 00:00:00'),
(287, 10, 22, 55, 15, 'LIANG NIO', '2022-06-10', 'TTF INDOGR20IR, INPUT NO FAKTUR, BPB MASIH TIDAK MUNCUL', 'CONTACT INDOGR20IR ADA KESALAHAN INPUT BPB DARI INDOGR20IR, JADI BPB TIDAK ADA', 'AKAN DIBERITAHU BAGIAN IT U/ DIPERBAIKI', 'FRANKIE', '2022-06-10', '0000-00-00 00:00:00', '0000-00-00 00:00:00'),
(288, 10, 22, 55, 14, 'DINA', '2022-06-16', 'LAPORAN FAKTUR ERROR', 'FAKTUR DOUBLE', 'HAPUS SEMUA FAKTUR DOUBLE', 'FRANKIE', '2022-06-16', '0000-00-00 00:00:00', '0000-00-00 00:00:00'),
(289, 10, 21, 50, 17, 'PAK PETERUS', '2022-06-16', 'CCTV 21 CAMERA 07 TIDAK TAMPIL', 'KABEL COAXIAL PUTUS DI CONNECTOR', 'GANTI CONNECTOR', 'FRANKIE', '2022-06-16', '0000-00-00 00:00:00', '0000-00-00 00:00:00'),
(290, 10, 21, 50, 17, 'PAK PETERUS', '2022-06-17', 'CCTV 21 CAMERA 03 SUKA MATI NYALA', 'KABEL COAXIAL DI CONNECTOR LONGGAR', 'KENCANGKAN KABEL COAXIAL', 'FRANKIE', '2022-06-17', '0000-00-00 00:00:00', '0000-00-00 00:00:00'),
(291, 9, 18, 41, 17, 'BU ISMI', '2022-06-20', 'TIDAK BISA CONNECT KE SERVER', 'LAN MATI', 'KENCANGKAN CONNECTOR RJ45', 'FRANKIE', '2022-06-20', '0000-00-00 00:00:00', '0000-00-00 00:00:00'),
(292, 9, 18, 35, 17, 'DWI', '2022-06-20', 'VMWARE TIDAK BISA KONEKSI KE SERVER', 'LAN P20ISI DISABLED', 'ENABLE LAN DAN RESTART VMWARE', 'FRANKIE', '2022-06-20', '0000-00-00 00:00:00', '0000-00-00 00:00:00'),
(293, 10, 22, 60, 17, 'WARSINI', '2022-06-29', 'FILE \"LAPORAN KABEL.XLS\" RUSAK', 'FILE \"LAPORAN KABEL.XLS\" RUSAK', 'AMBIL DARI BACKUP', 'FRANKIE', '2022-06-29', '0000-00-00 00:00:00', '0000-00-00 00:00:00'),
(294, 9, 22, 20, 14, 'CI ELLY', '2022-06-30', 'TIDAK BISA BOOT WINDOWS, SSD TIDAK TERDETECT', 'SETTINGAN BI20 BERUBAH', 'DISABLE PXE BOOT', 'FRANKIE', '2022-06-30', '0000-00-00 00:00:00', '0000-00-00 00:00:00'),
(295, 10, 22, 55, 15, 'DESI', '2022-06-30', 'FAKTUR TAMBAH SALES TIDAK MUNCUL', 'FAKTUR TAMBAH SALES TIDAK MUNCUL', 'REIN, OK', 'FRANKIE', '2022-06-30', '0000-00-00 00:00:00', '0000-00-00 00:00:00'),
(296, 9, 15, 15, 17, 'NANANG', '2022-06-30', 'USER TIDAK BISA PRINT', 'TIDAK BISA PRINT', 'PINDAH P20ISI 15, DARI KOMPUTER RIDWAN KE KOMPU UMUM) ', 'FRANKIE', '2022-06-30', '0000-00-00 00:00:00', '0000-00-00 00:00:00'),
(297, 9, 15, 15, 15, 'YUNI', '2022-07-01', 'TIDAK BISA PRINT, 15 NOT DETECTED', 'USB PORT BERMASALAH', 'PINDAH PORT USB', 'FRANKIE', '2022-07-01', '0000-00-00 00:00:00', '0000-00-00 00:00:00'),
(298, 10, 22, 54, 15, 'CI BETTY', '2022-07-01', 'TIDAK BISA MEMBUAT PEMBAYARAN', 'SALES TYPE BELUM ADA', 'BUAT SALES TYPE', 'FRANKIE', '2022-07-01', '0000-00-00 00:00:00', '0000-00-00 00:00:00'),
(299, 9, 17, 25, 16, 'MGK', '2022-07-05', 'KOMP TIDAK MAU BOOTING, RESTART TERUS', 'PARTISI 20 NO CAPACITY', 'KOMP KIRIM KE PABRIK, HDD RUSAK', 'FRANKIE', '2022-07-05', '0000-00-00 00:00:00', '0000-00-00 00:00:00'),
(300, 10, 22, 54, 15, 'CI BETTY', '2022-07-07', 'DAIS INVOICE TIDAK ADA SAAT MELAKUKAN PEMBAYARAN', 'DESKRIPSI KODE PEMBAYARAN BELUM DI RUBAH', 'RUBAH DESKRIPSI KODE PEMBAYARAN', 'FRANKIE', '2022-07-07', '0000-00-00 00:00:00', '0000-00-00 00:00:00'),
(301, 10, 20, 45, 15, 'BU RINA', '2022-07-07', 'KOMP BU RINA TIDAK BISA MASUK WINDOWS', 'ADA CLUSTER BERMASALAH', 'CHECK DISK', 'FRANKIE', '2022-07-07', '0000-00-00 00:00:00', '0000-00-00 00:00:00'),
(302, 10, 24, 70, 17, 'USER', '2022-07-11', 'KIRIM EMAIL H20TGATOR VIA APLIKASI TIDAK SAMPAI', 'KIRIM EMAIL H20TGATOR VIA APLIKASI TIDAK SAMPAI', 'MASALAH DARI WEB SERVER H20TGATOR', 'FRANKIE', '2022-07-11', '0000-00-00 00:00:00', '0000-00-00 00:00:00'),
(303, 10, 24, 70, 17, 'BU RIDA', '2022-07-12', 'INBOX HILANG DARI BULAN 6 DI OUTLOOK', 'INBOX HILANG DARI BULAN 6 DI OUTLOOK', 'ADD EMAIL ULANG', 'FRANKIE', '2022-07-12', '0000-00-00 00:00:00', '0000-00-00 00:00:00'),
(304, 9, 16, 20, 16, 'MGK', '2022-07-13', 'SETTING KOMP MGK, SELESAI DIPERBAIKI', 'PASANG KOMP MGK SELESAI DIPERBAIKI', 'COPY DATA DARI PC MGK2, RESTORE, KE KOMP MGK SELESAI DIPERBAIKI', 'FRANKIE', '2022-07-13', '0000-00-00 00:00:00', '0000-00-00 00:00:00'),
(305, 9, 16, 19, 16, 'MGK', '2022-07-13', 'KOMP MGK TIDAK MAU MASUK WINDOWS', 'HDD BERMASALAH, POWER SUPPLY BERMASALAH', 'GANTI PSU DAN HDD', 'FRANKIE', '2022-07-13', '0000-00-00 00:00:00', '0000-00-00 00:00:00'),
(306, 10, 22, 60, 17, 'SOLIDWORK', '2022-07-13', 'UPGRADE SOLIDWORK 2021 KE 2022', 'UPGRADE SOLIDWORK 2021 KE 2022', 'INSTALL SOFTWARE REMOTE, UPGRADE SOLIDWORK OLEH TEKNISI', 'RAHMAT', '2022-07-13', '0000-00-00 00:00:00', '0000-00-00 00:00:00'),
(307, 10, 22, 60, 19, 'ICA ROXY', '2022-07-21', 'TIDAK BISA MASUK DBF->CSV', 'TIDAK BISA MASUK DBF->CSV', 'TIDAK BOLEH TARIK JIKA ADA EXCEL YANG TERBUKA', 'FRANKIE', '2022-07-21', '0000-00-00 00:00:00', '0000-00-00 00:00:00'),
(308, 10, 22, 53, 15, 'CI BETTY', '2022-07-21', 'AR-JG TIDAK BISA TARIK DARI ICL', 'ADA SALAH INPUT ACCOUNT P20TING', 'MINTA SEMUA KELUAR DAIS, EDIT DB, RUBAH KODE ACCOUNT', 'FRANKIE', '2022-07-21', '0000-00-00 00:00:00', '0000-00-00 00:00:00'),
(309, 9, 22, 20, 15, 'FELICIA', '2022-07-21', 'LAPTOP TIDAK BISA BOOTING', 'CEK BOOT DLC, TIDAK MAU BOOT', 'HARUS BONGKAR', 'FRANKIE', '2022-07-21', '0000-00-00 00:00:00', '0000-00-00 00:00:00'),
(310, 10, 22, 60, 17, 'NANANG', '2022-07-21', 'AUTOCAD TERDETEKSI BAJAKAN', 'AUTOCAD TERDETEKSI BAJAKAN', 'BACKUP SISTEM C, DAN RESTORE BACKUP SISTEM', 'RAHMAT', '2022-07-21', '0000-00-00 00:00:00', '0000-00-00 00:00:00'),
(311, 9, 17, 25, 21, 'BOGOR', '2022-07-27', 'KOMPUTER TIDAK MAU MASUK WINDOWS', 'HDD BERMASALAH', 'CHKDSK DAN SIAPKAN KOMPUTER UNTUK BOGOR SERVICE', 'FRANKIE', '2022-07-27', '0000-00-00 00:00:00', '0000-00-00 00:00:00'),
(312, 10, 22, 58, 15, 'NOVI', '2022-07-27', 'PROGRAM 58 EXCEL TIDAK BISA SAVE DBF-CSV', 'BANYAK EXCEL YANG SEDANG TERBUKA', 'JANGAN BUKA EXCEL LAIN SAAT JALANKAN 58 EXCEL', 'FRANKIE', '2022-07-27', '0000-00-00 00:00:00', '0000-00-00 00:00:00'),
(313, 9, 18, 37, 14, 'PAK HARNO', '2022-07-29', 'TES SNMP UPS', 'TGG PINJAMAN DARI GUDANG', 'PASANG & SETTING SNMP,TES SETTING SNMP, INSTALL NETILITY, SET SNMP,  TES EMAIL NOTIF, TRAINING TEKNISI KONFIGURASI SNMP', 'FRANKIE', '2022-07-29', '0000-00-00 00:00:00', '0000-00-00 00:00:00'),
(314, 10, 22, 53, 15, 'BETTY', '2022-08-01', 'TARIK AR-JG INV BEDA TOTAL', 'HAPUS AJ, CEK ICL INV', 'GANTI NILAI INOVICE, TES TARIK ULANG', 'FRANKIE', '2022-08-01', '0000-00-00 00:00:00', '0000-00-00 00:00:00'),
(315, 9, 18, 37, 14, 'PAK HARNO', '2022-08-03', 'INSTALL & SETTING NET AGENT DI CUSTOMER (SNMP)', 'TEKNISI CEK UPS', 'INSTALL NETILITY OLEH TEKNISI', 'FRANKIE', '2022-08-03', '0000-00-00 00:00:00', '0000-00-00 00:00:00'),
(316, 10, 22, 54, 15, 'BETTY', '2022-08-03', 'DAIS TARIK NILAI INV BEDA', 'DAIS TARIK NILAI INV BEDA', 'DELETE GL & AR-JG, TARIK ULANG OK', 'FRANKIE', '2022-08-03', '0000-00-00 00:00:00', '0000-00-00 00:00:00'),
(317, 9, 15, 14, 17, 'BU ISMI', '2022-08-04', 'MONITOR TIDAK MAU TAMPIL', 'KABEL VGA KENDOR', 'KENCANGKAN KABEL VGA', 'FRANKIE', '2022-08-04', '0000-00-00 00:00:00', '0000-00-00 00:00:00'),
(318, 9, 15, 15, 14, 'ISNUR', '2022-08-05', '15 LQ 2180 HASIL PRINT PUTUS\"', 'TUAS HEAD DIANGKA 5, TERLALU JAUH UNTUK SINGLE PAPER', 'GESER TUAS KE ANGKA 0', 'FRANKIE', '2022-08-05', '0000-00-00 00:00:00', '0000-00-00 00:00:00'),
(319, 10, 24, 70, 14, 'CI ELLY', '2022-08-05', 'EMAIL TIDAK ADA YANG MASUK ', 'LUPA PASSWORD EMAIL', 'RECOVERY PASSWORD, STORAGE PENUH GOOGLE PHOTO, BACKUP DOWNLOAD PHOTO, HAPUS PHOTO ', 'FRANKIE', '2022-08-05', '0000-00-00 00:00:00', '0000-00-00 00:00:00'),
(320, 10, 22, 60, 17, 'HENDRA', '2022-08-08', 'TARIK DATA INVOICE BALIK KE 10%', 'TARIK DATA INVOICE BALIK KE 10%', 'PERBAIKI PROGRAM IB PAJAK KE 11%', 'PETERUS', '2022-08-08', '0000-00-00 00:00:00', '0000-00-00 00:00:00'),
(321, 9, 12, 9, 17, 'PAK HARDJO', '2022-08-09', 'TIDAK BISA CONNECT GOOGLE MEET', 'TIDAK BISA CONNECT GOOGLE MEET', 'CONNECT GOOGLE MEET', 'FRANKIE', '2022-08-09', '0000-00-00 00:00:00', '0000-00-00 00:00:00'),
(322, 10, 20, 44, 17, 'CDR', '2022-08-09', 'KOMPUTER CDR TIDAK BISA MASUK WINDOWS', 'MASUK STARTUP REPAIR', 'START WINDOWS NORMALLY', 'FRANKIE', '2022-08-09', '0000-00-00 00:00:00', '0000-00-00 00:00:00'),
(323, 10, 22, 54, 15, 'BETTY', '2022-08-10', 'TIDAK BISA MELAKUKAN PEMBAYARAN', 'DATA PEMBAYARAN TIDAK ADA, SALAH KODE ACCOUNT', 'PERBAIKI KODE ACCOUNT DARI DATABASE', 'FRANKIE', '2022-08-10', '0000-00-00 00:00:00', '0000-00-00 00:00:00'),
(324, 10, 24, 70, 15, 'ADI', '2022-08-10', 'TIDAK BISA TAMBAH EMAIL DI OUTLOOK', 'SETTINGAN SALAH', 'SET EMAIL THIRD PARTY ON DAN GENERATE THIRD PARTY PASS', 'FRANKIE', '2022-08-10', '0000-00-00 00:00:00', '0000-00-00 00:00:00'),
(325, 10, 24, 70, 15, 'CI WATY', '2022-08-10', 'EMAIL DARI ICA.ID PASTI MASUK SPAM', 'SPF EXPIRED', 'MINTA UPDATE SPF DARI H20TGATOR', 'FRANKIE', '2022-08-10', '0000-00-00 00:00:00', '0000-00-00 00:00:00'),
(326, 9, 15, 14, 17, 'BU ISMI', '2022-08-10', 'MONITOR TIDAK MAU TAMPIL', 'MONITOR BERMASALAH', 'PINJAMKAN MONITOR', 'FRANKIE', '2022-08-10', '0000-00-00 00:00:00', '0000-00-00 00:00:00'),
(327, 10, 22, 60, 17, 'PAK RUSDI', '2022-08-11', 'OUTLOOK ASK PASSWORD TERUS UNTUK ICAUPS.CO.ID', 'EMAIL ICAUPS.CO.ID SUDAH TIDAK AKTIF', 'DISABLE AUTO SEND/RECEIVE UNTUK ICAUPS.CO.ID', 'FRANKIE', '2022-08-11', '0000-00-00 00:00:00', '0000-00-00 00:00:00'),
(328, 10, 20, 42, 17, 'SHIFA', '2022-08-11', 'BUKA ICL LAMBAT DARI VMWARE', 'BUKA ICL LAMBAT DARI VMWARE', 'CLEAR TEMP', 'FRANKIE', '2022-08-11', '0000-00-00 00:00:00', '0000-00-00 00:00:00'),
(329, 9, 15, 15, 17, 'WINARTI', '2022-08-19', 'SETELAH SELESAI PRINT, ROLLER BERPUTAR LAMA DAN TIDAK MAU TARIK KERTAS', '15 BERMASALAH', '15 DISERVICE KE ADL COMPUTER', 'RAHMAT', '2022-08-19', '0000-00-00 00:00:00', '0000-00-00 00:00:00'),
(330, 9, 17, 25, 14, 'ISNUR', '2022-08-24', 'PROGRAM SERVICE ERROR SAAT BUKA DAN PROCESS', 'MOUSE KLIK KIRI SUKA BERUBAH JADI KLIK KANAN', 'GANTI MOUSE', 'FRANKIE', '2022-08-24', '0000-00-00 00:00:00', '0000-00-00 00:00:00'),
(331, 9, 15, 15, 15, 'RINA', '2022-08-24', 'HASIL PRINT KECIL', 'HASIL PRINT KECIL', 'PRINT TIDAK BOLEH DARI DARI WEBMAIL, DOWNLOAD DULU FILENYA', 'FRANKIE', '2022-08-24', '0000-00-00 00:00:00', '0000-00-00 00:00:00'),
(332, 10, 22, 60, 17, 'PAK JOHAN', '2022-08-25', 'CURSOR MOUSE KOORDINAT TIDAK SESUAI', 'CURSOR MOUSE KOORDINAT TIDAK SESUAI', 'RESTART VMWARE', 'FRANKIE', '2022-08-25', '0000-00-00 00:00:00', '0000-00-00 00:00:00'),
(333, 9, 15, 15, 17, 'BU TIKA', '2022-08-25', 'HASIL PRINT LASERJET P1102 SEBAGIAN TIDAK JELAS', 'DRUM TONER BERMASALAH', 'GANTI TONER', 'FRANKIE', '2022-08-25', '0000-00-00 00:00:00', '0000-00-00 00:00:00'),
(334, 9, 18, 41, 17, 'ERNY', '2022-08-25', 'TIDAK BISA MASUK SERVER', 'CONNECTOR RJ45 BERMASALAH', 'KENCANGKAN CONNECTOR RJ45', 'FRANKIE', '2022-08-25', '0000-00-00 00:00:00', '0000-00-00 00:00:00'),
(335, 10, 22, 60, 14, 'JONATAN', '2022-08-29', 'FILE EXCEL TIDAK BISA DI BUKA', 'FILE EXCEL RUSAK', 'REPAIR FILE EXCEL', 'FRANKIE', '2022-08-29', '0000-00-00 00:00:00', '0000-00-00 00:00:00'),
(336, 10, 24, 70, 15, 'BU RINA', '2022-08-29', 'GMAIL CONNECTION TIMEOUT', 'GMAIL CONNECTION TIMEOUT', 'KONEKSI ANTARA INDIHOME DENGAN GMAIL BERMASALAH', 'FRANKIE', '2022-08-29', '0000-00-00 00:00:00', '0000-00-00 00:00:00'),
(337, 10, 22, 60, 17, 'WANTI', '2022-08-29', 'TIDAK BISA MASUK REMOTE DEKSTOP', 'LICENSE HABIS', 'PERPANJANG LICENSE', 'FRANKIE', '2022-08-29', '0000-00-00 00:00:00', '0000-00-00 00:00:00'),
(338, 10, 22, 60, 17, 'WATY', '2022-08-29', 'TIDAK BISA MASUK REMOTE DEKSTOP', 'LICENSE HABIS', 'PERPANJANG LICENSE', 'FRANKIE', '2022-08-29', '0000-00-00 00:00:00', '0000-00-00 00:00:00'),
(339, 10, 22, 60, 17, 'WAHYU', '2022-08-29', 'TIDAK BISA MASUK REMOTE DEKSTOP', 'LICENSE HABIS', 'PERPANJANG LICENSE', 'FRANKIE', '2022-08-29', '0000-00-00 00:00:00', '0000-00-00 00:00:00'),
(340, 10, 22, 53, 15, 'BETTY', '2022-08-31', 'AR-JG TARIK DATA ICL ERROR', 'AR-JG TARIK DATA ICL ERROR', 'HAPUS DATA GL, HAPUS DATA AR-JG, PERBAIKI CUSTOMER, TARIK ULANG DATA, OK', 'FRANKIE', '2022-08-31', '0000-00-00 00:00:00', '0000-00-00 00:00:00'),
(341, 10, 22, 60, 17, 'SUKOWATI', '2022-09-01', 'TIDAK BISA KIRIM EMAIL', 'TIDAK BISA KIRIM EMAIL', 'GANTI PORT SMTP JADI SSL', 'FRANKIE', '2022-09-01', '0000-00-00 00:00:00', '0000-00-00 00:00:00'),
(342, 9, 12, 10, 17, 'BU TIKA', '2022-09-01', 'TIDAK BISA CONNECT KE FP GUDANG', 'KONEKSI KE FP GUDANG PUTUS, TIDAK BISA PING', 'RESTART FP GUDANG', 'FRANKIE', '2022-09-01', '0000-00-00 00:00:00', '0000-00-00 00:00:00'),
(343, 10, 22, 60, 17, ' BU RIDA', '2022-09-02', 'EMAIL TERKIRIM, TAPI TIDAK ADA DI SENT BOX OUTLOOK', 'EMAIL TERKIRIM, TAPI TIDAK ADA DI SENT BOX OUTLOOK', 'ADD ULANG ACCOUNT', 'FRANKIE', '2022-09-02', '0000-00-00 00:00:00', '0000-00-00 00:00:00'),
(344, 9, 12, 10, 17, 'BU TIKA', '2022-09-02', 'TIDAK BISA CONNECT KE FP GUDANG', 'MODUL LAN 10 BERMASALAH', 'TUKAR UNIT', 'FRANKIE', '2022-09-02', '0000-00-00 00:00:00', '0000-00-00 00:00:00'),
(346, 9, 15, 15, 17, 'BU NOVI', '2022-09-05', 'TIDAK MAU PRINT KE EPSON L565', 'TIDAK MAU PRINT KE EPSON L565', 'RESTART 15', 'FRANKIE', '2022-09-05', '0000-00-00 00:00:00', '0000-00-00 00:00:00'),
(347, 9, 15, 15, 17, 'BU RIDA', '2022-09-05', 'HASIL PRINT LASERJET P1102 SEBAGIAN TIDAK JELAS', 'TONER TIDAK MERATA', 'KOCOK TONER', 'FRANKIE', '2022-09-05', '0000-00-00 00:00:00', '0000-00-00 00:00:00'),
(348, 9, 15, 15, 17, 'SUTIKNO', '2022-09-05', 'PRINT WARNA HITAM TIDAK KELUAR', 'MEKANIK REF RUSAK', 'SERVICE KE ADL COMPUTER', 'FRANKIE', '2022-09-05', '0000-00-00 00:00:00', '0000-00-00 00:00:00'),
(349, 10, 22, 53, 15, 'BETTY', '2022-09-08', 'KESALAHAN INPUT KODE ACCOUNT', 'AR-JG MERAH, KODE CUSTOMER TIDAK SESUAI DENGAN AR-JG', 'KODE CUSTOMER, DI AR-JG DI SAMAKAN DENGAN ICL, TARIK DATA, OK', 'FRANKIE', '2022-09-08', '0000-00-00 00:00:00', '0000-00-00 00:00:00'),
(350, 10, 22, 60, 14, 'DINA', '2022-09-08', 'EXCEL CURSOR TIDAK BERFUNGSI DENGAN BENAR', 'TES BUKA ULANG EXCEL TETAP TIDAK BISA', 'SCROLL LOCK ON, SET OFF, OK', 'FRANKIE', '2022-09-08', '0000-00-00 00:00:00', '0000-00-00 00:00:00'),
(351, 9, 16, 20, 17, 'NANANG', '2022-09-09', 'SETUP KOMPUTER BARU', 'LANJUTKAN SETUP KOMPUTER BARU', 'ADD SHARING 15, BACKUP 20 DAN COPY KE HARDDISK EKSTERNAL', 'RAHMAT', '2022-09-09', '0000-00-00 00:00:00', '0000-00-00 00:00:00'),
(352, 9, 15, 15, 17, 'SUTIKNO', '2022-09-13', 'SAAT PRINT WARNA HITAM TIDAK KELUAR', '15 BARMASALAH', '15 DISERVICE KE ADL COMPUTER, SERVICE MEKANIK REF', 'RAHMAT', '2022-09-13', '0000-00-00 00:00:00', '0000-00-00 00:00:00'),
(353, 9, 12, 10, 17, 'GUDANG', '2022-09-15', 'TIDAK BISA TARIK DATA ABSEN', 'LAN 10 TIDAK BISA KONEK KE SERVER', 'GANTI 10', 'FRANKIE', '2022-09-15', '0000-00-00 00:00:00', '0000-00-00 00:00:00'),
(354, 9, 12, 10, 17, 'TITIN', '2022-09-15', '10 TIDAK BISA KONEK KE SERVER', '10 RUSAK', 'GANTI 10 DARI IT', 'SITI', '2022-09-15', '0000-00-00 00:00:00', '0000-00-00 00:00:00'),
(355, 10, 22, 60, 17, 'SOLIDWORK', '2022-09-26', 'SIAPKAN PC SOLIDWORK', 'UPDATE SOFTWARE SOLIDWORK 2022', 'UPDATE VIA REMOTE OLEH TEKNISI', 'RAHMAT', '2022-09-26', '0000-00-00 00:00:00', '0000-00-00 00:00:00'),
(356, 10, 22, 60, 15, 'LIANI', '2022-09-28', 'UPDATE PC USER ICABOX GLODOK & SV', 'UPDATE PC USER ICABOX GLODOK & SV', 'UPDATE KOMP CI LIANI (AEC) AGAR BISA CONNECT ICABOX', 'FRANKIE', '2022-09-28', '0000-00-00 00:00:00', '0000-00-00 00:00:00'),
(357, 10, 22, 60, 15, 'BETTY', '2022-09-28', 'CEK DAN UPDATE PROGRAM EXCEL AGAR MUNCUL NOMOR PAJAK', 'CEK DAN UPDATE PROGRAM EXCEL AGAR MUNCUL NOMOR PAJAK', 'CEK DAN UPDATE PROGRAM EXCEL AGAR MUNCUL NOMOR PAJAK', 'FRANKIE', '2022-09-28', '0000-00-00 00:00:00', '0000-00-00 00:00:00'),
(360, 9, 18, 31, 14, 'ISNUR', '2022-10-05', 'TIDAK BISA CONNECT  SERVER + TIDAK BISA PRINT', 'TIDAK BISA KONEK DAN PRINT', 'GANTI KONEKTOR DI PC & SWITCH', 'FRANKIE', '2022-10-05', '0000-00-00 00:00:00', '0000-00-00 00:00:00'),
(361, 9, 15, 15, 15, 'RINA', '2022-10-05', 'TIDAK BISA PRINT KE ISNUR', 'ADA PRINT ERROR', 'HAPUS PRINT ERROR', 'FRANKIE', '2022-10-05', '0000-00-00 00:00:00', '0000-00-00 00:00:00'),
(362, 9, 15, 15, 14, 'DINA', '2022-10-05', 'TAMPILAN FILE JPG BEDA', 'TIDAK TAU PRINT DIMANA', 'PHOTO VIEWER SPT WIN 7 TIDAK BISA', 'FRANKIE', '2022-10-05', '0000-00-00 00:00:00', '0000-00-00 00:00:00'),
(363, 9, 15, 15, 17, 'ICHSAN', '2022-10-06', 'HASIL PRINT PUTUS-PUTUS', '15 BARMASALAH', '15 DISERVICE KE ADL COMPUTER', 'SITI', '2022-10-06', '0000-00-00 00:00:00', '0000-00-00 00:00:00'),
(364, 9, 16, 20, 17, 'FRANKIE', '2022-10-07', 'MOTHERBOARD MATI-NYALA', 'MOTEHRBOARD BERMASALAH', 'MOTHERBOARD SERVICE KE ADL COMPUTER', 'FRANKIE', '2022-10-07', '0000-00-00 00:00:00', '0000-00-00 00:00:00'),
(365, 10, 22, 54, 14, 'CHRISTIN', '2022-10-12', 'KOMPUTER PUTUS NYAMBUNG KE SERVER', 'ADA 21 SETTING ', 'TES OPEN DAIS', 'FRANKIE', '2022-10-12', '0000-00-00 00:00:00', '0000-00-00 00:00:00'),
(366, 9, 16, 21, 14, 'PURNA', '2022-10-12', 'TIDAK BISA LOGIN', 'DATE TIME TIDAK SESUAI ', 'SET DATE TIME ', 'FRANKIE', '2022-10-12', '0000-00-00 00:00:00', '0000-00-00 00:00:00'),
(367, 9, 18, 39, 15, 'DESI', '2022-10-12', 'TIDAK BISA KONEK KE SERVER', 'KABEL KENDOR', 'KENCANGKAN KABEL', 'FRANKIE', '2022-10-12', '0000-00-00 00:00:00', '0000-00-00 00:00:00'),
(368, 10, 22, 54, 15, 'LIE-LIE', '2022-10-12', 'DAIS MASIH DALAM BENTUK $', 'DAIS MASIH DALAM BENTUK $', 'GANTI REGION', 'FRANKIE', '2022-10-12', '0000-00-00 00:00:00', '0000-00-00 00:00:00'),
(369, 10, 22, 60, 17, 'RDMP', '2022-10-12', 'BANTU KHARIM TES SERTIFAKASI SOLIDWORKS (ONLINE)', 'BANTU KHARIM TES SERTIFAKASI SOLIDWORKS (ONLINE)', 'INSTALL AUTOCAD, SOLIDWORK DAN VMWARE ', 'RAHMAT', '2022-10-12', '0000-00-00 00:00:00', '0000-00-00 00:00:00'),
(370, 9, 16, 21, 14, 'PURNA', '2022-10-13', 'GANTI BATERAI CM20', 'GANTI BATERAI CM20', 'SET DATE TIME ', 'FRANKIE', '2022-10-13', '0000-00-00 00:00:00', '0000-00-00 00:00:00'),
(371, 9, 12, 10, 14, 'ANIS', '2022-10-13', 'BUAT DAFTAR KARYAWAN BARU', 'DAFTAR KARYAWAN BARU', 'AJARI LAGI CARA DAFTAR KE MESIN ABSEN', 'FRANKIE', '2022-10-13', '0000-00-00 00:00:00', '0000-00-00 00:00:00'),
(372, 10, 22, 60, 14, 'CI ELLY', '2022-10-13', 'TANGGAL JAM TIDAK SESUAI', 'JAM SERVER TIDAK SESUAI', 'SETTING TANGGAL JAM SERVER, LOGIN ULANG', 'FRANKIE', '2022-10-13', '0000-00-00 00:00:00', '0000-00-00 00:00:00'),
(373, 9, 16, 22, 14, 'JONATAN', '2022-10-13', 'UPGRADE CPU', 'UPGRADE CPU ', 'UPGRADE CPU', 'FRANKIE', '2022-10-13', '0000-00-00 00:00:00', '0000-00-00 00:00:00'),
(374, 10, 22, 60, 15, 'LIE-LIE', '2022-10-13', 'UPGRADE KOMPUTER AGAR BISA WHATSAPP', 'WINDOWS MASIH XP', 'UPGRADE WINDOWS', 'FRANKIE', '2022-10-13', '0000-00-00 00:00:00', '0000-00-00 00:00:00'),
(375, 9, 15, 15, 17, 'HERU', '2022-10-19', 'ROLLER 15 TIDAK BISA BERPUTAR SEHINGGA HASIL PRINT NUMPUK', '15 BARMASALAH', '15 DISERVICE KE ADL COMPUTER', 'SITI', '2022-10-19', '0000-00-00 00:00:00', '0000-00-00 00:00:00'),
(376, 9, 16, 20, 14, 'PAK HARNO', '2022-10-21', 'KOMPUTER LAMBAT', 'KOMPUTER SEDIKIT LAMBAT', 'GANTI POWER SATA HDD', 'FRANKIE', '2022-10-21', '0000-00-00 00:00:00', '0000-00-00 00:00:00'),
(377, 9, 16, 19, 14, 'PAK HARNO', '2022-10-24', 'TES GANTI PSU', 'GANTI PSU', 'GANTI PSU', 'FRANKIE', '2022-10-24', '0000-00-00 00:00:00', '0000-00-00 00:00:00'),
(378, 10, 24, 65, 15, 'LIANG NIO', '2022-10-24', 'UPDATE B2B INDOMARCO ', 'UPDATE B2B INDOMARCO', 'UPDATE B2B INDOMARCO', 'FRANKIE', '2022-10-24', '0000-00-00 00:00:00', '0000-00-00 00:00:00'),
(380, 9, 15, 15, 15, 'DESI', '2022-10-26', '15 KADANG TIDAK MAU, KADANG MAU, TAPI LAMBAT.', 'KOMP LAMBAT', 'BERSIHKAN 23, GANTI POWER SATA HDD. TETAP LAMBAT TAPI TIDAK HANG KEMUNGKINAN HDD BERMASALAH, KIRIM KOMP KE PABRIK COPY ICL JG & ICL SEMUA CABANG', 'FRANKIE', '2022-10-26', '0000-00-00 00:00:00', '0000-00-00 00:00:00'),
(381, 9, 18, 35, 15, 'LIE-LIE', '2022-10-28', 'STATUS LAN TANDA SERU KUNING', 'KONEKTOR FISIK MASIH BAGUS', 'KENCANGKAN KONEKTOR, BERSIHKAN PIN 35', 'FRANKIE', '2022-10-28', '0000-00-00 00:00:00', '0000-00-00 00:00:00'),
(382, 10, 22, 58, 14, 'ICASV', '2022-10-28', '58 FORMAT ALAMAT TIDAK BISA DIRUBAH', 'ALAMAT TIDAK BISA DIRUBAH', 'PAKA APLIKASI CR BUAT 58, ADA PERUBAHAAN PAKAI DO', 'FRANKIE', '2022-10-28', '0000-00-00 00:00:00', '0000-00-00 00:00:00'),
(383, 9, 15, 15, 15, 'LIANG NIO', '2022-10-31', 'TIDAK BISA PRINT KE EPSON L360 DESY', 'TES PRINT DARI KOMP 58, TIDAK TERPRINT', 'HARD RESET 15, TES PRINT OK.', 'FRANKIE', '2022-10-31', '0000-00-00 00:00:00', '0000-00-00 00:00:00'),
(384, 9, 15, 15, 17, 'EUIS', '2022-11-01', '15 SAAT PRINT BERHENTI SENDIRI DAN BUNYI', '15 BARMASALAH', '15 DISERVICE KE ADL COMPUTER', 'SITI', '2022-11-01', '0000-00-00 00:00:00', '0000-00-00 00:00:00'),
(385, 10, 22, 55, 15, 'LIANG NIO', '2022-11-02', 'NO PAJAK 3965 & 3966 TIDAK BISA DIPAKAI (ERROR SUDAH DIPAKAI)', 'ADA NOMOR YANG SUDAH TERPAKAI ', 'MISS KOMUNIKASI KARENA 4 DIGIT TERAKHIR SAMA', 'FRANKIE', '2022-11-02', '0000-00-00 00:00:00', '0000-00-00 00:00:00'),
(386, 10, 24, 65, 15, 'LIANG NIO', '2022-11-02', 'PELAJARI B2B UPDATE 1 NOVEMBER 2021', 'TES BUAT B2B & TRAINING CI LIANG NIO CARA MENGGUNAKAN TTF', 'TES BUAT B2B & TRAINING CI LIANG NIO CARA MENGGUNAKAN TTF', 'FRANKIE', '2022-11-02', '0000-00-00 00:00:00', '0000-00-00 00:00:00'),
(387, 9, 15, 15, 15, 'ADI', '2022-11-04', '15 YUNI, KERTAS NYANGKUT', 'CEK 15, SEKALI TARIK BANYAK KERTAS NYANGKUT, TINTA LUBER', 'AMBIL 15 DARI LT.1 LASERJET P1102, PASANG DI LT.2. INSTALL DRIVER', 'FRANKIE', '2022-11-04', '0000-00-00 00:00:00', '0000-00-00 00:00:00'),
(388, 10, 22, 54, 15, 'BETTY', '2022-11-04', 'CEK DAIS', 'PAKAI KODE LAMA U/ SALES BARU.', 'SET KODE ACCOUNT PIUTANG & PENJUALAN DI DAIS AR & GL', 'FRANKIE', '2022-11-04', '0000-00-00 00:00:00', '0000-00-00 00:00:00'),
(389, 10, 24, 65, 15, 'RIBKA', '2022-11-08', 'B2B INDOMARCO TIDAK BISA', 'B2B INDOMARCO TIDAK BISA', 'BUAT TTF + SUBMIT LIAT HASIL +- 4 HARI.', 'FRANKIE', '2022-11-08', '0000-00-00 00:00:00', '0000-00-00 00:00:00'),
(390, 10, 22, 60, 21, 'BOGOR', '2022-11-08', ' TIDAK BISA BUKA VMWARE', 'TIDAK BISA BUKA VMWARE', 'REMOTE REPAIR VMWARE, TES BUKA + ICL + PRINT, OK', 'FRANKIE', '2022-11-08', '0000-00-00 00:00:00', '0000-00-00 00:00:00'),
(391, 9, 15, 15, 15, 'VHIA', '2022-11-08', '15 TARIK KERTAS BANYAK DAN TINTA LUBER', '15 BARMASALAH', '15 DISERVICE KE ADL COMPUTER', 'FRANKIE', '2022-11-08', '0000-00-00 00:00:00', '0000-00-00 00:00:00'),
(392, 10, 22, 54, 15, 'BETTY', '2022-11-11', 'TIDAK BISA TAMBAH CUSTOMER', 'NOMOR CUSTOMER HABIS DI 12.000 TAMBAH NOMOR CUSTOMER SAMPAI 15.000', 'KESIMPULAN DATA CUSTOMER NO 12.000 KEATAS TIDAK TERBACA', 'FRANKIE', '2022-11-11', '0000-00-00 00:00:00', '0000-00-00 00:00:00'),
(393, 10, 24, 65, 15, 'LIANG NIO', '2022-11-11', 'CEK HASIL SUBMIT BTB INDOMARCO', 'CEK HASIL SUBMIT BTB INDOMARCO', 'CEK BTB BELUM ADA APPROVE', 'FRANKIE', '2022-11-11', '0000-00-00 00:00:00', '0000-00-00 00:00:00'),
(394, 10, 20, 44, 15, 'LIE-LIE', '2022-11-14', 'UPGRADE 20 WINXP KE WIN 7', 'UPGRADE 20', 'INSTALL 44', 'FRANKIE', '2022-11-14', '0000-00-00 00:00:00', '0000-00-00 00:00:00'),
(395, 10, 22, 55, 15, 'MINA', '2022-11-15', 'DATA REKAPAN FAKTUR PAJAK HILANG', 'DATA REKAPAN FAKTUR PAJAK HILANG', 'FILE REKAPAN FAKTUR PAJAK XLS, SIZE BESAR, DATA K20ONG, TES BUKA DI KOMP LAIN SAMA, AMBIL DARI BACKUP', 'FRANKIE', '2022-11-15', '0000-00-00 00:00:00', '0000-00-00 00:00:00'),
(396, 10, 22, 53, 15, 'BETTY', '2022-11-15', 'TARIK DATA ICL -> AR-JG MERAH', 'CUSTOMER BARU DI AR-JG TIDAK TERBACA', 'SURABAYA BUAT DO, ADA STOCK TAPI TIDAK BISA DIAMBIL, CEK DATABASE BARANG, BELUM RPP. RRP, OK.', 'FRANKIE', '2022-11-15', '0000-00-00 00:00:00', '0000-00-00 00:00:00'),
(397, 9, 15, 15, 14, 'ISNUR', '2022-11-21', 'TIDAK BISA PRINT', 'TIDAK BISA PRINT', 'TUKERAN PORT AUT20WITCH', 'FRANKIE', '2022-11-21', '0000-00-00 00:00:00', '0000-00-00 00:00:00'),
(398, 9, 16, 20, 15, 'LIE-LIE', '2022-11-21', 'KOMPUTER SUKA MATI SENDIRI', 'KOMPUTER SUKA MATI SENDIRI', 'SETTING POWER OPTION, SCREEN TIMER SET OFF, SLEEP SET OFF, HIBERNATION SET OFF', 'FRANKIE', '2022-11-21', '0000-00-00 00:00:00', '0000-00-00 00:00:00'),
(399, 9, 18, 39, 15, 'ICAGL', '2022-11-21', 'KOMPUTER BACKUP SERVER TIDAK BISA LOGIN', 'RESTART PC TETAP RTO', 'KENCANGKAN KONEKTOR, REINSTALL DRIVER', 'FRANKIE', '2022-11-21', '0000-00-00 00:00:00', '0000-00-00 00:00:00'),
(400, 10, 22, 53, 15, 'BETTY', '2022-11-21', 'IMPORT HANYA MASUK SEBAGIAN', 'IMPORT LOG INVOICE HANYA MASUK 79', 'HAPUS & TARIK ULANG IMPORT LOG INVOICE', 'FRANKIE', '2022-11-21', '0000-00-00 00:00:00', '0000-00-00 00:00:00'),
(401, 9, 18, 31, 17, 'CI WATY', '2022-11-23', 'TUKAR SWITCH SERVER, DAIS SUKA CL20E SENDIRI', 'DAIS SUKA CL20E SENDIRI', 'GANTI SWITCH SERVER LT.4, TES KONEKSI KOMPUTER USER KE SERVER BUKA DAIS,ICL & FILE', 'FRANKIE', '2022-11-23', '0000-00-00 00:00:00', '0000-00-00 00:00:00'),
(402, 9, 18, 21, 15, 'LUCKY', '2022-11-25', 'DATE/TIME RESET DEFAULT', 'DATE/TIME RESET DEFAULT', 'GANTI CM20 BATTERY', 'FRANKIE', '2022-11-25', '0000-00-00 00:00:00', '0000-00-00 00:00:00'),
(403, 9, 16, 20, 22, 'BATAM', '2022-11-25', 'ICA BATAM KOMP RUSAK', 'KOMP RUSAK', 'ADA KOMP ICAGL (EFAKTUR) DI GLODOK, MINTA KIRIM KE PABRIK U/ SET ULANG U/BATAM', 'FRANKIE', '2022-11-25', '0000-00-00 00:00:00', '0000-00-00 00:00:00'),
(404, 9, 18, 29, 17, 'YESI', '2022-11-28', 'KOMPUTER SAAT MAU PRINT ERROR', 'ON BOARD PARALLER PORT BERMASALAH', 'TAMBAH PCI PARALLEL PORT', 'FRANKIE', '2022-11-28', '0000-00-00 00:00:00', '0000-00-00 00:00:00'),
(405, 9, 15, 15, 15, 'ADI', '2022-11-29', 'PASANG 15 SELESAI DI PERBAIKI DI LT.1, PASANG KEMBALI 15 DARI LT. DASAR', 'PASANG 15 SELESAI DI SERVICE', 'PASANG KEMBALI 15 P1102 & 7 CANON P110 DI LT DASAR', 'FRANKIE', '2022-11-29', '0000-00-00 00:00:00', '0000-00-00 00:00:00'),
(406, 9, 18, 32, 15, 'ADI', '2022-11-29', '32 LT. 1 TIDAK ADA INTERNET', 'RESTART ROUTER TETAP TIDAK ADA INTERNET', 'RESET ROUTER (FACTORY) SETTING ULANG', 'FRANKIE', '2022-11-29', '0000-00-00 00:00:00', '0000-00-00 00:00:00'),
(407, 9, 18, 32, 14, 'CI ELLY', '2022-11-30', 'TIDAK BISA CONNECT', 'KONEKSI TIDAK MAU', 'INSTALL ULANG DRIVER ETHERNET, RESTART ROUTER LT.4', 'FRANKIE', '2022-11-30', '0000-00-00 00:00:00', '0000-00-00 00:00:00'),
(408, 9, 12, 10, 17, 'PEPEN', '2022-11-30', '10 TIDAK BISA KONEK KE SERVER', '10 RUSAK', 'GANTI 10 DARI IT', 'FRANKIE', '2022-11-30', '0000-00-00 00:00:00', '0000-00-00 00:00:00'),
(409, 9, 15, 15, 19, 'ICA ROXY', '2022-12-01', 'PASANG 15 CANON G2000, INSTALL & SETTING ', 'PASANG 15 CANON G2000, ', 'ISI TINTA, INSTALL SOFTWARE & DRIVER ', 'FRANKIE', '2022-12-01', '0000-00-00 00:00:00', '0000-00-00 00:00:00'),
(410, 9, 15, 14, 15, 'FELICIA', '2022-12-06', 'MONITOR SUKA MATI, DO KE TAMBAH DI NOMOR YANG SAMA', 'DO KE TAMBAH DI NOMOR YANG SAMA', 'INPUT DATA DO & GANTI KE DO SERI, MONITOR DI CEK TIDAK MASALAH TAPI LAPORAN SUKA MATI', 'FRANKIE', '2022-12-06', '0000-00-00 00:00:00', '0000-00-00 00:00:00'),
(411, 10, 22, 60, 15, 'ADI', '2022-12-06', 'MINTA FILE PDF SIZE DIKECILKAN', 'MINTA FILE PDF SIZE DIKECILKAN ', 'AJARI CARA KECILKAN SIZE PDF MENGGUNAKAN NITRO PDF', 'FRANKIE', '2022-12-06', '0000-00-00 00:00:00', '0000-00-00 00:00:00'),
(412, 9, 18, 32, 15, 'DESI', '2022-12-06', 'KOMP INTERNET TANDA SERU MERAH', 'TIDAK BISA INTERNET, TIDAK MAU CONNECT 32', 'RESTART ROUTER LT. 3 ', 'FRANKIE', '2022-12-06', '0000-00-00 00:00:00', '0000-00-00 00:00:00'),
(413, 9, 18, 31, 15, 'FELICIA', '2022-12-07', 'KONEKSI KE SERVER PUTUS LAGI TGL 6-12-2022 16:30', 'KO ADI LAPTOP  LAMBAT SAAT BOOTING AWAL', 'KE SWITCH SERVER, GANTI CONNECTION KABEL LAN DI SWITCH & SERVER', 'FRANKIE', '2022-12-07', '0000-00-00 00:00:00', '0000-00-00 00:00:00'),
(414, 10, 24, 70, 14, 'CI ELLY', '2022-12-07', 'TIDAK BISA KIRIM EMAIL ERROR', 'KIRIM EMAIL PAKAI YAHOO TIDAK MAU TERKIRIM', 'YAHOO SEDANG ADA MASALAH', 'FRANKIE', '2022-12-07', '0000-00-00 00:00:00', '0000-00-00 00:00:00'),
(415, 9, 18, 35, 17, 'CI WATY', '2022-12-12', 'DAIS ACCOUNTING SUKA NOT RESPONDING + EXIT', 'DAIS ACCOUNTING SUKA NOT RESPONDING + EXIT', 'SET IP DHCP + DISABLE LAN, SHUTDOWN SERVER, GANTI 35, GANTI CM20, YANG TIDAK BISA RESTART KOMPUTER', 'FRANKIE', '2022-12-12', '0000-00-00 00:00:00', '0000-00-00 00:00:00'),
(416, 10, 22, 60, 15, 'ADI', '2022-12-12', 'BUKA FOLDER MUTER MUTER', 'BUKA FOLDER MUTER MUTER, ADA ACRONIS', 'ACRONI BACKUP CHECK & SCHEDULER BERMASALAH', 'FRANKIE', '2022-12-12', '0000-00-00 00:00:00', '0000-00-00 00:00:00'),
(417, 9, 15, 15, 17, 'IT', '2022-12-14', '15 ERROR/BLINGKING', 'MEKANIK REF RUSAK', 'SERVICE KE ADL COMPUTER', 'SITI', '2022-12-14', '0000-00-00 00:00:00', '0000-00-00 00:00:00'),
(418, 9, 12, 10, 15, 'BETTY', '2022-12-20', 'DAIS GANTI TAHUN, ICASERVICE, MINTA CEK USER KENAPA USER TIDAK 100% KEHADIRAN MINTA HAPUS DATA KARYAWAN YANG SUDAH KELUAR', 'HAPUS DATA KARYAWAN YANG SUDAH KELUAR', 'BUAT BAGIAN KARYAWAN YANG AKTIF, HAPUS DATA KARYAWAN DI MESIN ABSEN', 'FRANKIE', '2022-12-20', '0000-00-00 00:00:00', '0000-00-00 00:00:00'),
(419, 10, 22, 53, 15, 'ICAGL', '2022-12-20', 'UPDATA AR-JG', 'UPDATE AR-JG', 'U/ GANTI ICL MASUK JAN, TES BY USER', 'FRANKIE', '2022-12-20', '0000-00-00 00:00:00', '0000-00-00 00:00:00'),
(420, 10, 22, 53, 23, 'TANGERANG', '2022-12-20', 'ICL TIDAK BISA REPORT', 'ICL TIDAK BISA REPORT, ERROR 1/0', 'CABUT DRIVE DVD OK', 'FRANKIE', '2022-12-20', '0000-00-00 00:00:00', '0000-00-00 00:00:00'),
(421, 10, 22, 54, 15, 'BU LASTRI', '2022-12-21', 'DAIS TIDAK BISA DIBUKA', 'FILE MDB CORRUPT', 'MINTA USER CEK TRANSAKSI TERAKHIR, CI BETTY SUDAH ADA PIUTANG BELUM LUNAS, CEK DATABASE PERBAIKI', 'FRANKIE', '2022-12-21', '0000-00-00 00:00:00', '0000-00-00 00:00:00'),
(422, 10, 22, 60, 14, 'JONATAN', '2022-12-22', ' TIDAK BISA KIRIM DOKUMEN \"TRY AGAIN\"', 'KIRIM FILE LEWAT WA WEB TIDAK BISA', 'DOWNLOAD CCLEANER INSTALL & RUN', 'FRANKIE', '2022-12-22', '0000-00-00 00:00:00', '0000-00-00 00:00:00'),
(423, 10, 22, 60, 14, 'CHRISTIN', '2022-12-22', 'SETTING KOMPUTER CHRISTIN BISA INTERNET', 'SETTING KOMPUTER AGAR BISA INTERNET', 'DOWNLOAD BROWSER AGAR BISA WHATSAPP WEB', 'FRANKIE', '2022-12-22', '0000-00-00 00:00:00', '0000-00-00 00:00:00'),
(424, 11, 27, 76, 15, 'CI BETTY', '2022-02-15', 'ADA INVOICE PIUTANG YANG TIDAK MUNCUL', 'SALAH PENULISAN ACCOUNT SALES PADA AR-JG', 'PERBAIKI LANGSUNG DI DATABASE KARENA SUDAH DI POSTING', 'FRANKIE', '2022-02-15', '2024-12-03 21:10:41', '2024-12-03 21:10:41'),
(425, 11, 25, 71, 14, 'DINA', '2022-04-07', 'FAKTUR DOUBLE', 'SALAH PENCET', 'HAPUS DOUBLE', 'FRANKIE', '2022-04-07', '2024-12-03 21:12:07', '2024-12-03 21:12:07'),
(426, 11, 27, 80, 14, 'CI LIE-LIE', '2022-05-17', 'TIDAK BISA EXPORT CSV', 'DATA BELUM DIMASUKKAN', 'MASUKKAN DATA', 'FRANKIE', '2022-05-17', '2024-12-03 21:14:20', '2024-12-03 21:14:20'),
(427, 11, 27, 76, 15, 'CI BETTY', '2022-06-10', 'SALAH IMPORT DAIS DAN SUDAH POSTING', 'SALAH MEMASUKKAN KODE ACCOUNT CUSTOMER', 'PERBAIKI KODE ACCOUNT DARI DATABASE', 'FRANKIE', '2022-06-10', '2024-12-03 21:15:14', '2024-12-03 21:15:14'),
(428, 11, 27, 76, 15, 'CI BETTY', '2022-06-24', 'SALAH IMPORT DAIS DAN SUDAH POSTING', 'SALAH KODE PENJUALAN', 'GANTI KODE PIUTANG, SALES, ACCOUNT, PEMBAYARAN DARI DATABASE', 'FRANKIE', '2022-06-24', '2024-12-03 21:16:28', '2024-12-03 21:16:28'),
(429, 11, 27, 76, 15, 'CI BETTY', '2022-07-27', 'AR-JG TIDAK BISA TARIK DATA ICL', 'CUSTOMER ADA TANDA PETIK 1', 'HAPUS TANDA PETIK, SUDAH PERNA DIBERITAHU BERKALI\"', 'FRANKIE', '2022-07-27', '2024-12-03 21:17:32', '2024-12-03 21:17:32'),
(430, 11, 27, 76, 15, 'CI BETTY', '2022-07-27', 'ADA SALAH INPUT KODE ACCOUNT & SUDAH POSTING', 'ADA SALAH INPUT KODE ACCOUNT & SUDAH POSTING', 'RUBAH KODE ACCOUNT DARI DATABASE', 'FRANKIE', '2022-07-27', '2024-12-03 21:18:18', '2024-12-03 21:18:18'),
(431, 11, 27, 74, 14, 'PAK HARNO', '2022-07-29', 'APLKIKASI DAN WEB APLIKASI MODUL SNMP UPS', 'TIDAK ADA YANG MENGERTI SOFTWARE APLIKASI DAN WEB APLIKASI MODUL SNMP', 'PELAJARI DAN TRAINING TEKNISI ICA SERVICE CARA SETTING MODUL DAN SOFTWARE MODUL SNMP', 'FRANKIE', '2022-07-29', '2024-12-03 21:19:20', '2024-12-03 21:19:20'),
(432, 11, 28, 81, 17, 'WINARTI', '2022-08-10', 'MONITOR TIDAK MAU MENYALA', 'UPS BELUM MENYALA', 'NYALAKAN UPS', 'FRANKIE', '2022-08-10', '2024-12-03 21:21:04', '2024-12-03 21:21:04'),
(433, 11, 27, 75, 17, 'IBU SHERIS', '2022-08-24', 'PREVIEW DATA PD, TIDAK MUNCUL SEMUA', 'LUPA, SALAH PREVIEW', 'PREVIEW DARII PRINT', 'FRANKIE', '2022-08-24', '2024-12-03 21:22:45', '2024-12-03 21:22:45'),
(434, 11, 27, 76, 15, 'CI BETTY', '2022-08-25', 'SALAH INPUT KODE ACCOUNT', 'SALAH INPUT KODE ACCOUNT', 'PERBAIKI KODE ACCOUNT DARI DATABASE', 'FRANKIE', '2022-08-25', '2024-12-03 21:23:39', '2024-12-03 21:23:39'),
(435, 11, 27, 76, 15, 'CI BETTY', '2022-08-29', 'SALAH INPUT KODE PIUTANG', 'SALAH INPUT KODE PIUTANG', 'PERBAIKI KODE PIUTANG', 'FRANKIE', '2022-08-29', '2024-12-03 21:24:31', '2024-12-03 21:24:31'),
(436, 11, 29, 82, 17, 'PAK RUSDI', '2022-09-01', 'TIDAK BISA CONNECT KE DVR', 'TIDAK BISA LOGIN', 'SALAH INPUT PASSWORD', 'FRANKIE', '2022-09-01', '2024-12-03 21:26:41', '2024-12-03 21:26:41'),
(437, 0, 0, 0, 0, 'user', '0000-00-00', 'detail_report', 'cause', 'solution', 'by', '0000-00-00', '0000-00-00 00:00:00', '0000-00-00 00:00:00'),
(438, 10, 22, 54, 15, 'BETTY', '2023-01-02', 'GANTI TAHUN DAIS AR-JG', 'DAIS BELUM CLOSING, MSH ADA PEMBAYARAN YANG BELUM LUNAS', 'PERBAIKI CUSTOMER DAN PEMBAYARAN', 'FRANKIE', '2023-01-02', '0000-00-00 00:00:00', '0000-00-00 00:00:00'),
(439, 10, 22, 54, 15, 'BETTY', '2023-01-02', 'SALAH INPUT NAMA CUSTOMER DI DAIS', 'SALAH INPUT KODE PEMBAYARAN', 'PERBAIKI CUSTOMER DAN PEMBAYARAN', 'FRANKIE', '2023-01-02', '0000-00-00 00:00:00', '0000-00-00 00:00:00'),
(440, 9, 16, 23, 23, 'FADILLAH', '2023-01-03', 'KOMPUTER TIDAK MAU TAMPIL, BUNYI.', 'MEMORI BERMASALAH', 'GANTI MEMORI.', 'FRANKIE', '2023-01-03', '0000-00-00 00:00:00', '0000-00-00 00:00:00'),
(441, 9, 17, 25, 23, 'FADILLAH', '2023-01-03', 'KOMPUTER HANG DAN MATI SENDIRI, KOMPUTER KIRIM KE PABRIK.', 'HDD DAN PSU BERMASALAH', 'GANTI PSU, HDD DAN UPGRADE OS KE WINDOWS 7.', 'FRANKIE', '2023-01-03', '0000-00-00 00:00:00', '0000-00-00 00:00:00'),
(442, 10, 22, 54, 15, 'BETTY', '2023-01-04', 'UPDATE DAIS 2023 + AR-JG 2023 ', 'CI WATY BELM SELESAI END OF MONTH + IMPORT DAIS CABANG', 'SET DAIS CABANG', 'FRANKIE', '2023-01-04', '0000-00-00 00:00:00', '0000-00-00 00:00:00'),
(443, 9, 17, 25, 15, 'SERVER GL', '2023-01-06', 'BACKUP DATA SERVER TAHUNAN GL', 'BACKUP DATA SERVER TAHUNAN GL', 'BACKUP DATA SERVER TAHUNAN GL BELUM SELESAI , DIBIARIN JALAN PASANG DILUAR PC.', 'FRANKIE', '2023-01-06', '0000-00-00 00:00:00', '0000-00-00 00:00:00'),
(444, 10, 22, 54, 15, 'LIANI', '2023-01-06', 'SET DAIS', 'SET DAIS', 'SET DAIS BETTY, LIANG NIO, LIANI', 'FRANKIE', '2023-01-06', '0000-00-00 00:00:00', '0000-00-00 00:00:00'),
(445, 10, 22, 60, 15, 'SERVER GL', '2023-01-09', 'LANJUT BACKUP DATA SERVER GLODOK & KOMP FELICIA TDK BISA BUKA VMWARE', 'VMWARE RUSAK', 'PASANG HDD BACKUP SERVER KE DALAM SERVER.\nINSTALL ULANG VMWARE FELICIA', 'FRANKIE', '2023-01-09', '0000-00-00 00:00:00', '0000-00-00 00:00:00'),
(446, 9, 17, 25, 15, 'SERVER GL', '2023-01-11', 'CEK DAN AMBIL HDD BACKUP SERVER', 'BACKUP SERVER', 'RUN BACKUP, SETELAH SELESAI MINTA USER KELUAR SERVER DAN CABUT HDD BACKUP.', 'FRANKIE', '2023-01-11', '0000-00-00 00:00:00', '0000-00-00 00:00:00'),
(447, 9, 18, 35, 15, 'BETTY', '2023-01-12', 'LAN SERING RTO SETELAH MAINTENANCE', 'ON BOARD LAN SUDAH TIDAK BAGUS', 'TAMBAH LAN CARD', '', '2023-01-12', '0000-00-00 00:00:00', '0000-00-00 00:00:00'),
(448, 10, 22, 60, 15, 'DINA', '2023-01-12', 'SCAN TIDAK MUNCUL FOLDER CURRENT DATE', 'CURRENT DATE BELUM DI CENTANG', 'CHECKLIST CREATE FOLDER', '', '2023-01-12', '0000-00-00 00:00:00', '0000-00-00 00:00:00'),
(449, 9, 15, 15, 17, 'ICHSAN', '2023-01-16', 'PRINTER TIDAK BISA TARIK KERTAS', 'PRINTER RUSAK', 'SERVICE KE ADL COMPUTER (Service Mekanik Ref Seharga Rp 385,000 No Inv : AD/2023/01/00012)', 'SITI', '2023-01-16', '0000-00-00 00:00:00', '0000-00-00 00:00:00'),
(450, 10, 22, 54, 15, 'BETTY', '2023-01-17', 'TARIK DATA AR-JG ADA 103 INV, TAPI IMPORT HANYA 79', 'AR-JG ERROR', 'HAPUS 79 INV, IMPORT ULANG, INV 103 OK.', 'FRANKIE', '2023-01-17', '0000-00-00 00:00:00', '0000-00-00 00:00:00'),
(451, 9, 16, 20, 15, 'PURNA', '2023-01-17', 'TIDAK BISA AKSES KE \"F\"', 'KOMPUTER RUSAK', 'TES BOOT BANYAK PROGRAM RUSAK, CPU KIRIM KE KAPUK', 'FRANKIE', '2023-01-17', '0000-00-00 00:00:00', '0000-00-00 00:00:00'),
(452, 9, 12, 10, 15, 'LIANI', '2023-01-17', 'GANTI FINGEPRINT GLODOK, JAM ERORR', 'JAM FINGERPRINT ERROR', 'GANTI FINGERPRINT', 'FRANKIE', '2023-01-17', '0000-00-00 00:00:00', '0000-00-00 00:00:00'),
(453, 9, 16, 20, 15, 'PURNA', '2023-01-18', 'KIRIM CPU', 'SELESAI DIPERBAIKI DARI KAPUK', 'PASANG KOMPUTER, SETTING JOIN DOMAIN DAN MAPPING SHORTCAT.', 'FRANKIE', '2023-01-18', '0000-00-00 00:00:00', '0000-00-00 00:00:00'),
(454, 10, 22, 54, 15, 'BETTY', '2023-01-18', 'TARIK DATA TIDAK BISA MASUK KE GL', 'ADA MERAH DI AR-JG', 'TARIK ULANG DATA, OK', 'FRANKIE', '2023-01-18', '0000-00-00 00:00:00', '0000-00-00 00:00:00'),
(455, 9, 18, 31, 17, 'WANTI', '2023-01-18', 'USER DI PPIC TIDAK BISA KONEK KE SERVER', 'SWITCH SUDAH TIDAK NORMAL', 'GANTI SWITCH', 'RAHMAT', '2023-01-18', '0000-00-00 00:00:00', '0000-00-00 00:00:00'),
(456, 9, 15, 15, 17, 'ERNI', '2023-01-19', 'PRINTER HASIL PRINT PUTUS-PUTUS', 'HEAD BERMASALAH', 'SERVICE KE MPC (MASIH MASA GARANSI MAINTENANCE)', 'SITI', '2023-01-19', '0000-00-00 00:00:00', '0000-00-00 00:00:00'),
(457, 9, 16, 21, 17, 'WARSINI', '2023-01-23', 'JAM DIKOMPUTER NGACO', 'CMOS BATTERY RUSAK', 'GANTI CMOS BATTERY', 'RAHMAT', '2023-01-23', '0000-00-00 00:00:00', '0000-00-00 00:00:00'),
(458, 9, 18, 41, 15, 'TIWI', '2023-01-24', 'KONEKSI KE SERVER SERING PUTUS', 'KABEL UTP KENDOR', 'KENCANGKAN KONEKTOR DAN MAPPING MENGGUNAKAN IP', 'FRANKIE', '2023-01-24', '0000-00-00 00:00:00', '0000-00-00 00:00:00'),
(459, 10, 21, 48, 15, 'PC-SCAN', '2023-01-24', 'UPDATE ANTIVIRUS KASPERSKY', 'UPDATE ANTIVIRUS KASPERSKY', 'UPDATE ANTIVIRUS KASPERSKY', 'FRANKIE', '2023-01-24', '0000-00-00 00:00:00', '0000-00-00 00:00:00'),
(460, 10, 21, 48, 15, 'LIANG NIO', '2023-01-24', 'TIDAK BISA LOGIN KE SERVER', 'KASPERSKY SET FIREWALL', 'UPDATE ANTIVIRUS KASPERSKY', 'FRANKIE', '2023-01-24', '0000-00-00 00:00:00', '0000-00-00 00:00:00');
INSERT INTO `problem_reports` (`id`, `category_id`, `subcategory_id`, `subsubcategory_id`, `branch_id`, `user`, `report_date`, `detail_report`, `cause`, `solution`, `by`, `finish_date`, `created_at`, `updated_at`) VALUES
(461, 10, 21, 50, 17, 'RUSDI', '2023-01-26', 'DVR 05 TIDAK BISA STREAM', 'DVR ERROR', 'TES RESTART DAN PINDAH KABEL LAN', 'RAHMAT & FRANKIE', '2023-01-26', '0000-00-00 00:00:00', '0000-00-00 00:00:00'),
(462, 9, 18, 35, 17, 'WARDOYO', '2023-01-27', 'KOMPUTER SERING TIDAK BISA KONEK KE SERVER', 'ONBOARD LAN CARD RUSAK', 'TAMBAH LAN CARD', 'RAHMAT', '2023-01-27', '0000-00-00 00:00:00', '0000-00-00 00:00:00'),
(463, 9, 12, 10, 15, 'DESI', '2023-02-01', 'FINGERPRINT JAM ERROR', 'FINGERPRINT ERROR', 'GANTI FINGERPRINT', 'FRANKIE', '2023-02-01', '0000-00-00 00:00:00', '0000-00-00 00:00:00'),
(464, 10, 22, 56, 15, 'LIANI', '2023-02-01', 'ADA PERMINTAAN PERUBAHAN FORM', 'ADA PERMINTAAN PERUBAHAN FORM', 'UPDATE PROGRAM FORM INV, TRAINING USER.', 'FRANKIE', '2023-02-01', '0000-00-00 00:00:00', '0000-00-00 00:00:00'),
(465, 10, 22, 56, 15, 'FELICIA', '2023-02-06', 'UPDATE PROGRAM CO, INV REPORT, CO KE PDF MULTI REPORT', 'ADA PERMINTAAN PERUBAHAN FORM', 'TRAINING USER DAN UPDATE KE KOMPUTER FELICIA, DESY DAN LIANI.', 'FRANKIE', '2023-02-06', '0000-00-00 00:00:00', '0000-00-00 00:00:00'),
(466, 9, 16, 20, 15, 'SERVER ASS', '2023-02-08', 'BACKUP DATA SERVER TAHUNAN ASS', 'BACKUP DATA SERVER TAHUNAN ASS', 'BACKUP DATA SERVER TAHUNAN ASS', 'FRANKIE', '2023-02-08', '0000-00-00 00:00:00', '0000-00-00 00:00:00'),
(467, 10, 22, 60, 15, 'LIANG NIO', '2023-02-08', 'VM-WARE TIDAK BISA BUKA', 'SYSTEM RUSAK', 'REINSTALL VM-WARE TES OK', 'FRANKIE', '2023-02-08', '0000-00-00 00:00:00', '0000-00-00 00:00:00'),
(468, 10, 22, 58, 15, 'LIANG NIO', '2023-02-08', 'E-FAKTUR ADA ERROR IMPORT', 'NAMA BARANG ADA SIMBOL PETIK (\")', 'MINTA RUBAH SIMBOL', 'FRANKIE', '2023-02-08', '0000-00-00 00:00:00', '0000-00-00 00:00:00'),
(469, 10, 22, 58, 15, 'LIE-LIE', '2023-02-09', 'E-FAKTUR TIDAK BISA UPDATE BEDA ALAMAT', 'BUAT FILE CSV U/ DIIMPORT KE E-FAKTUR DENGAN FORMAT ALAMAT BEDA.', 'TRAINING CI LIE-LIE DENGAN PROGRAM CR, TES OK', 'FRANKIE', '2023-02-09', '0000-00-00 00:00:00', '0000-00-00 00:00:00'),
(470, 10, 22, 53, 15, 'BETTY', '2023-02-09', 'TARIK DATA ICL ADA ERROR CUSTOMER \"?\"', 'ADA SALAH PENULISAN KODE CUSTOMER', 'PERBAIKI KODE CUSTOMER, TARIK ULANG, IMPORT, OK', 'FRANKIE', '2023-02-09', '0000-00-00 00:00:00', '0000-00-00 00:00:00'),
(471, 9, 17, 25, 17, 'RUSDI', '2023-02-13', 'MESIN TRUMPF SISTEMNYA ERROR, TIDAK BISA MASUK WINDOWS', 'MESIN TRUMPF SISTEMNYA ERROR, TIDAK BISA MASUK WINDOWS', 'TGL 20-2-2023 MAU PASANG HDD TIDAK JADI, PAK RUSDI IPAN U/ RESCHEDULE KARENA SEKARANG MASIH ADA KERJAAN', 'FRANKIE', '2023-02-13', '0000-00-00 00:00:00', '0000-00-00 00:00:00'),
(472, 10, 21, 48, 15, 'YUSDI', '2023-02-14', 'PERPANJANG KASPERSKY', 'PERPANJANG KASPERSKY', 'UPDATE VIRUS KASPERSKY', 'FRANKIE', '2023-02-14', '0000-00-00 00:00:00', '0000-00-00 00:00:00'),
(473, 9, 16, 20, 15, 'SUDI', '2023-02-16', 'KOMPUTER TIDAK BISA TAMPIL', 'WINDOWS SEPERTI SEDANG PROSES UNLIMITED', 'COPY DATA U/ DIPAKAI, CPU MINTA DIKIRIM KE KAPUK', 'FRANKIE', '2023-02-16', '0000-00-00 00:00:00', '0000-00-00 00:00:00'),
(474, 9, 16, 20, 15, 'LIANG NIO', '2023-02-20', 'KOMPUTER TIDAK BISA TAMPIL', 'BOOTING ERROR', 'CHECKDISK, RECOVERING BAD CLUSTER', 'FRANKIE', '2023-02-20', '0000-00-00 00:00:00', '0000-00-00 00:00:00'),
(475, 9, 18, 31, 15, 'DINA', '2023-02-22', 'SEMUA USER ASS TIDAK BISA KONEK KE SERVER', 'SWITCH RUSAK', 'PINJAM ROUTER WIFI LT.1 PASANG SEBAGAI SWITCH DISERVER', 'FRANKIE', '2023-02-22', '0000-00-00 00:00:00', '0000-00-00 00:00:00'),
(476, 9, 15, 15, 17, 'PUR', '2023-02-22', 'DUDUKAN HEAD OBLAH, HASIL PRINT TIDAK RATA', 'PRINTER RUSAK', 'SERVICE KE ADL COMPUTER (Service Mekanik Ref Seharga Rp 385,000 No Inv : AD/2023/01/00012)', 'FRANKIE', '2023-02-22', '0000-00-00 00:00:00', '0000-00-00 00:00:00'),
(477, 9, 18, 31, 15, 'DINA', '2023-02-23', 'PASANG SWITCH DISERVER ASS PINJAMAN DARI KAPUK', 'SWITCH RUSAK', 'PASANG SWITCH DISERVER ASS. KEMBALIKAN ROUTER KE LT.1', 'FRANKIE', '2023-02-23', '0000-00-00 00:00:00', '0000-00-00 00:00:00'),
(478, 10, 22, 53, 15, 'FELICIA', '2023-02-23', 'PROGRAM TARIK DATA CO ADA YANG TIDAK KELUAR CO DAN INVOICE', 'STATUS DO & INVOICE BELUM SELESAI', 'DIPERBAIKI U/ AMBIL DATA WALAU BELUM SELESAI. HAPUS CUSTOMER DI ICL, TRAINING FELICIA.', 'FRANKIE', '2023-02-23', '0000-00-00 00:00:00', '0000-00-00 00:00:00'),
(479, 9, 16, 20, 17, 'SUKIRAN', '2023-02-23', 'KOMPUTER NYATA TETAPI TIDAK BISA TAMPIL', 'MOTHERBOARD RUSAK', 'SERVICE KE ADL COMPUTER (MB TDK BISA DISERVICE, GANTI MB DARI STOCK IT)', 'RAHMAT', '2023-02-23', '0000-00-00 00:00:00', '0000-00-00 00:00:00'),
(480, 9, 16, 23, 17, 'ERNI', '2023-02-24', 'KOMPUTER TIDAK MAU TAMPIL.', 'MEMORI BERMASALAH', 'GANTI MEMORI.', 'RAHMAT', '2023-02-24', '0000-00-00 00:00:00', '0000-00-00 00:00:00'),
(481, 9, 15, 15, 15, 'DINA', '2023-02-27', 'TIDAK BISA PRINT', 'PRINTER TIDAK SUPPORT', 'TUKERAN POSISI PRINTER LPT DENGAN ISNUR.\nPASANG SWITCH BARU DISERVER ASS', 'FRANKIE', '2023-02-27', '0000-00-00 00:00:00', '0000-00-00 00:00:00'),
(482, 9, 18, 31, 15, 'DINA', '2023-02-27', 'MINTA SEMUA USER KELUAR DARI SERVER ', 'PASANG SWITCH BARU DI SERVER', 'PASANG SWITCH BARU DI SERVER, TES KONEKSI KE SERVER, TES KONEKSI INTERNET OK', 'FRANKIE', '2023-02-27', '0000-00-00 00:00:00', '0000-00-00 00:00:00'),
(483, 9, 18, 32, 17, 'RUSDI', '2023-02-28', 'TIDAK BISA KONEK INTERNET', 'ROUTER MASALAH', 'RESTART ROUTER, TES OK', 'RAHMAT', '2023-02-28', '0000-00-00 00:00:00', '0000-00-00 00:00:00'),
(484, 9, 16, 21, 17, 'PUR', '2023-03-03', 'JAM DIKOMPUTER NGACO', 'CMOS BATTERY RUSAK', 'GANTI CMOS BATTERY', 'FRANKIE', '2023-03-03', '0000-00-00 00:00:00', '0000-00-00 00:00:00'),
(485, 9, 16, 20, 15, 'SUDI', '2023-03-06', 'PASANG &SETTING KOMP BARU', 'PASANG &SETTING KOMP BARU', 'INSTALL DRIVER TES KOMPUTER OK', 'FRANKIE', '2023-03-06', '0000-00-00 00:00:00', '0000-00-00 00:00:00'),
(486, 9, 16, 20, 15, 'SERVER ASS', '2023-03-10', 'PASANG HDD BACKUP SERVER', 'SERVER BELUM ADA HDD BACKUP', 'PASANG HDD U/ BACKUP DATA SEVER, SET SECURE COPY U/ RUN DAILY JM 12.00.\nPANDU ELLY U/ ACCESS BAKCUP SERVER.', 'FRANKIE', '2023-03-10', '0000-00-00 00:00:00', '0000-00-00 00:00:00'),
(487, 9, 18, 32, 15, 'YUSDI', '2023-03-13', 'INTERNET LT.4 TIDAK BISA', 'WIFI KONEK INTERNET TIDAK ADA', 'IP MSH DHCP SET STSTIC TES OK', 'FRANKIE', '2023-03-13', '0000-00-00 00:00:00', '0000-00-00 00:00:00'),
(488, 10, 22, 59, 15, 'YUSDI', '2023-03-13', 'MAU BUKA PAJAK ESPT PPH 21 TIDAK BISA (PDF)', 'MAU BUKA PAJAK ESPT PPH 21 TIDAK BISA (PDF) ', 'ADOBE READER DC VERSI X64 HARUS GANTI KE X32, UNINSTALL A.R.DC X64, DOWNLOAD A.R.DC X32, INSTALL A.R.DC X32, DISABLE AUTO UPDATE, TES BY USER INTERNET & PDF ESPT PPH 21, OK', 'FRANKIE', '2023-03-13', '0000-00-00 00:00:00', '0000-00-00 00:00:00'),
(489, 9, 16, 21, 15, 'ELLY', '2023-03-20', 'JAM DIKOMPUTER NGACO', 'CMOS BATTERY RUSAK', 'GANTI CMOS BATTERY', 'FRANKIE', '2023-03-20', '0000-00-00 00:00:00', '0000-00-00 00:00:00'),
(490, 9, 21, 50, 15, 'ELLY', '2023-03-20', 'CCTV ASS TIDAK BISA LIHAT REKAMAN', 'HDD TIDAK TERDETEK', 'CABUK KABEL DATA DAN POWER HDD. TES OK', 'FRANKIE', '2023-03-20', '0000-00-00 00:00:00', '0000-00-00 00:00:00'),
(491, 10, 22, 54, 15, 'BETTY', '2023-03-20', 'DAIS TARIK DATA KECEPATAN, ADA MASUK 1 INVOICE LAGI DI ICL', 'DAIS ERROR', 'HAPUS DATA TARIKAN DAN TARIK ULANG.', 'FRANKIE', '2023-03-20', '0000-00-00 00:00:00', '0000-00-00 00:00:00'),
(492, 9, 16, 23, 17, 'IT10', '2023-03-20', 'KOMPUTER TIDAK BISA TAMPIL', 'MEMORI BERMASALAH', 'GANTI MEMORY, CMOS BATTERY DAN LAN CARD', 'SITI', '2023-03-20', '0000-00-00 00:00:00', '0000-00-00 00:00:00'),
(493, 9, 17, 25, 17, 'SALJINAH', '2023-03-20', 'KOMPUTER TIDAK BISA MASUK WINDOWS', 'HARDDISK BERMASALAH', 'GANTI HARDDISK', 'FRANKIE', '2023-03-20', '0000-00-00 00:00:00', '0000-00-00 00:00:00'),
(494, 10, 15, 15, 17, 'KHARIM & RIDWAN', '2023-03-21', 'KHARIM TIDAK BISA PRINT\nRIDWAN TIDAK BISA BUKA IMAGE DI WINDOWS PHOTO VIEWER', 'DRIVER PRINTER ERROR & WINDOWS ERROR', 'ADD ULANG PRINTER DAN REPAIR WINDOWS', 'RAHMAT', '2023-03-21', '0000-00-00 00:00:00', '0000-00-00 00:00:00'),
(495, 9, 16, 20, 17, 'WIRECUT', '2023-03-23', 'KOMPUTER MATI TOTAL', 'MOTHERBOARD RUSAK', 'GANTI MB, PROCESSOR DAN POWER SUPPLY', 'RAHMAT', '2023-03-23', '0000-00-00 00:00:00', '0000-00-00 00:00:00'),
(496, 10, 22, 53, 15, 'ELLY', '2023-03-29', 'CEK S/N TIDAK ADA', 'S/N TIDAK KE EXPORT', 'AMBIL ICL APRIL BAWA KE KAPUK', 'FRANKIE', '2023-03-29', '0000-00-00 00:00:00', '0000-00-00 00:00:00'),
(497, 9, 12, 7, 15, 'ROSMIN ADI', '2023-03-30', 'TIDAK BISA SCAN', 'CANON LIDE 25 TIDAK BISA DIPAKAI WINDOWS 11', 'INSTALL SOFTWARE ALTERNATIF', 'FRANKIE', '2023-03-30', '0000-00-00 00:00:00', '0000-00-00 00:00:00'),
(498, 10, 22, 53, 15, 'ELLY', '2023-03-30', 'ICL APRIL 2022 BANYAK INV MASIH KOSONG TAPI SUDAH ADA DO', 'ICL APRIL 2022 BANYAK INV MASIH KOSONG TAPI SUDAH ADA DO', 'INPUT NO INV AGAR BISA EXPORT SERI.', 'FRANKIE', '2023-03-30', '0000-00-00 00:00:00', '0000-00-00 00:00:00'),
(499, 9, 15, 15, 15, 'YUSDI', '2023-03-31', 'PASANG PRINTER HP LASRJET M107A', 'GANTI PRINTER', 'PASANG DAN SETTING PRINTER DAN ROUTER', 'FRANKIE', '2023-03-31', '0000-00-00 00:00:00', '0000-00-00 00:00:00'),
(500, 9, 16, 20, 17, 'DCU1', '2023-04-04', 'NOTEBOOK MATI TOTAL', 'MOTHERBOARD RUSAK', 'SERVICE KE ADL CONPUTER (GANTI IC POWER DAN IC BATTERY)', 'RAHMAT', '2023-04-04', '0000-00-00 00:00:00', '0000-00-00 00:00:00'),
(501, 9, 15, 14, 15, 'SERVER ASS', '2023-04-04', 'MONITOR GOYANG, POSISI GETAR DAN GERAK.', 'MONITOR RUSAK', 'GANTI MONITOR SERVER', 'FRANKIE', '2023-04-04', '0000-00-00 00:00:00', '0000-00-00 00:00:00'),
(502, 9, 18, 37, 15, 'HARNO', '2023-04-05', 'SETTING NET AGENT DI UT PONDOK CABE', 'BANTUIN PAK HARNO PASANG UPS', 'SETTING IAMI MEMONITORING MENGGUNAKAN EASYACCEY VNC VIEWER', 'FRANKIE', '2023-04-05', '0000-00-00 00:00:00', '0000-00-00 00:00:00'),
(503, 10, 22, 56, 15, 'FELICIA', '2023-04-06', 'PROGRAM ERROR SAAT AMBIL DATA LAPORAN HARIAN', '1 DO DIBACA ADA 3 DO', 'PERBAIKI PROGRAM', 'FRANKIE', '2023-04-06', '0000-00-00 00:00:00', '0000-00-00 00:00:00'),
(504, 9, 15, 15, 14, 'DINA', '2023-04-06', 'TIDAK BISA PRINT  ', 'AUTOSWITCH SUKA ERROR ', 'PRINT DENGAN PRINT SHARE', '', '2023-04-06', '0000-00-00 00:00:00', '0000-00-00 00:00:00'),
(505, 10, 22, 53, 15, 'FELICIA', '2023-04-10', 'TIDAK BISA REPORT CO KARENA CO DIHAPUS', 'TIDAK BISA REPORT CO KARENA CO DIHAPUS', 'COPY DAN INPORT DATA CO 3285 THN 2022 KE ICL YG BERJALAN', 'FRANKIE', '2023-04-10', '0000-00-00 00:00:00', '0000-00-00 00:00:00'),
(506, 10, 22, 56, 15, 'ALIN', '2023-04-10', 'PROGRAM FORM INV TAMPILAN BERBEDA', 'SALAH INSTALL VERSI PROGRAM', 'INSTALL PROGRAM FORM INV VERSI TERAKHIR', 'FRANKIE', '2023-04-10', '0000-00-00 00:00:00', '0000-00-00 00:00:00'),
(507, 9, 15, 15, 17, 'YENTI', '2023-04-19', 'PRINTER SUSAH TARIK KERTAS', 'ROLLER PRINTER RUSAK', 'GANTI KARET ROLLER PRINTER', 'FRANKIE', '2023-04-19', '0000-00-00 00:00:00', '0000-00-00 00:00:00'),
(508, 9, 16, 20, 15, 'FELICIA', '2023-05-02', 'SEMUA USER TERIAK LAMBAT', 'KOMPUTER SERVER BERMASALAH', 'PERBAIKI KOMPUTER SERVER', 'FRANKIE', '2023-05-02', '0000-00-00 00:00:00', '0000-00-00 00:00:00'),
(509, 10, 24, 65, 15, 'LIANG NIO', '2023-05-02', 'BPB INDOMARCO ADA + BPB TAPI TIDAK MUNCUL PPN', 'ADA PETUNJUK DOWNLOAD BPB TAPI BPB TIDAK MUNCUL', 'TELPON INDOMARCO MASIH ADA ERROR', 'FRANKIE', '2023-05-02', '0000-00-00 00:00:00', '0000-00-00 00:00:00'),
(510, 9, 15, 14, 17, 'MUSLIKAH', '2023-05-02', 'MONITOR TIDAK BISA TAMPIL', 'ADA KOMPONEN YANG RUSAK', 'SERVICE KE ADL COMPUTER', 'SITI', '2023-05-02', '0000-00-00 00:00:00', '0000-00-00 00:00:00'),
(511, 10, 21, 48, 15, 'LIANI', '2023-05-09', 'KOMPUTER ERROR LIBRARY', 'PROGRAM CORRUPT DARI ANTIVIRUS MCAFC', 'UNINSTALL, OK', 'FRANKIE', '2023-05-09', '0000-00-00 00:00:00', '0000-00-00 00:00:00'),
(512, 9, 18, 39, 15, 'LUCKY', '2023-05-09', 'KOMPUTER GL PAJAK KONSULTAN SUKA MATI SENDIRI', 'KABEL POWER AGAK LONGGAR', 'KENCANGKAN KABEL POWER', 'FRANKIE', '2023-05-09', '0000-00-00 00:00:00', '0000-00-00 00:00:00'),
(513, 10, 22, 55, 15, 'LIANG NIO', '2023-05-09', '2 FAKTUR PAJAK DI REJECT', 'ERROR PPBJ TIDAK DITEMUKAN', 'KABAR DARI INDOMARCO SALAH KASIH PPBJ OK', 'FRANKIE', '2023-05-09', '0000-00-00 00:00:00', '0000-00-00 00:00:00'),
(514, 10, 24, 70, 15, 'RINA', '2023-05-10', 'TIDAK BISA BUKA EMAIL GMAIL', 'EMAIL ERROR', 'UPDATE FIREFOX, RESET FIREFOX. LOGIN ULANG, SET EMAIL RECOVERY KE ICA ID.', 'FRANKIE', '2023-05-10', '0000-00-00 00:00:00', '0000-00-00 00:00:00'),
(515, 9, 12, 12, 15, 'ADI', '2023-05-10', 'MIC DILAPTOP TIDAK BERFUNGSI', 'MIC TIDAK BERFUNGSI', 'CARI DRIVER COMPATIBLE, GANTI DENGAN A455C4F, TES SOUND & MIC OK', 'FRANKIE', '2023-05-10', '0000-00-00 00:00:00', '0000-00-00 00:00:00'),
(516, 9, 18, 29, 17, 'YESI', '2023-05-15', 'TIDAK BISA PRINT', 'KABEL PRINTER DIPARALEL CARD KENDOR', 'GANJAL CASING PARALEL CARD (TEMPAT BAUT)', 'RAHMAT ', '2023-05-15', '0000-00-00 00:00:00', '0000-00-00 00:00:00'),
(517, 9, 15, 15, 15, 'DINA', '2023-05-15', 'TIDAK BISA PRINT', 'AUTOSWITCH ERROR', 'CABUT KABEL LTP D IAUTOSWITCH PINDAH POSISI COLOK LAGI. TES OK', 'FRANKIE', '2023-05-15', '0000-00-00 00:00:00', '0000-00-00 00:00:00'),
(518, 10, 24, 70, 15, 'RINA', '2023-05-15', 'TIDAK BISA PRINT EMAIL', 'TAMPILAN PRINT TIDAK MUNCUL', 'OPEN BROWSER SETTING, DISABLE BLOCK POPUP, TES PRINT DARI WEBMAIL OK', 'FRANKIE', '2023-05-15', '0000-00-00 00:00:00', '0000-00-00 00:00:00'),
(519, 10, 22, 54, 15, 'BETTY', '2023-05-16', 'SALAH KODE SAAT PEMBAYARAN TIDAK MUNCUL', 'SALAH KODE', 'PERBAIKI KODE SALES PIUTANG', 'FRANKIE', '2023-05-16', '0000-00-00 00:00:00', '0000-00-00 00:00:00'),
(520, 9, 17, 25, 15, 'RINA', '2023-05-16', 'ADA FILE WORD YANG RUSAK LAGI ', 'JADWALKAN GANTI HDD', 'TUNGGU AGAK SENGGANG', '', '2023-05-16', '0000-00-00 00:00:00', '0000-00-00 00:00:00'),
(521, 9, 16, 23, 15, 'ELLY', '2023-05-17', 'BOOTING LAMA SUKA NOT RESPONDING', 'MEMORI BERMASALAH', 'BERSIHKAN MEMORY, CABUT HDD BOOT OK.', 'FRANKIE', '2023-05-17', '0000-00-00 00:00:00', '0000-00-00 00:00:00'),
(522, 10, 22, 53, 15, 'LIANI', '2023-05-17', 'HASIL REPORT SALES BY INVOICE BEDA DEGAN HASIL REPORT BY SALES CODE', 'REPORT SALES BY INVOICE BERDASARKAN INVOICE DAN REPORT SALES BY SALES CODE BERDASARKAN CUSTOMER ORDER', 'REPORT SALES BY INVOICE BERDASARKAN INVOICE DAN REPORT SALES BY SALES CODE BERDASARKAN CUSTOMER ORDER', 'FRANKIE', '2023-05-17', '0000-00-00 00:00:00', '0000-00-00 00:00:00'),
(523, 9, 12, 6, 17, 'NANANG', '2023-05-17', 'KEYBOARD-MOUSE BERMASALAH', 'KEYBOARD-MOUSE BERMASALAH', 'GANTI KEYBOARD-MOUSE', 'SITI', '2023-05-17', '0000-00-00 00:00:00', '0000-00-00 00:00:00'),
(524, 10, 22, 53, 15, 'ELLY', '2023-05-23', 'AMBIL DATA SERI DARI THN 2020, INDOMARCO BANYAK YANG TIDAK ADA', 'AMBIL DATA SERI YANG TIDAK BISA DITARIK KARENA BELUM TERBIT INVOICE', 'BUAT INVOICE DUMMYU/ SEMUA YG SUDAH TERBIT DO AGAR SERI BISA DI EXPORT.', 'FRANKIE', '2023-05-23', '0000-00-00 00:00:00', '0000-00-00 00:00:00'),
(525, 9, 12, 6, 17, 'ERNI', '2023-05-23', 'KEYBOARD Q s/d ] TIDAK BERFUNGSI', 'KEYBOARD RUSAK', 'GANTI KEYBOARD DARI INV IT', 'SITI', '2023-05-23', '0000-00-00 00:00:00', '0000-00-00 00:00:00'),
(526, 9, 12, 11, 15, 'HARRY', '2023-05-24', 'PASANG DVD ROM', 'KOMPUTER DIKIRA BELUM ADA  DVD ROM', 'DIKOMPUTER SUDAH ADA DVD ROM, TUNJUKAN CARA PAKAI.', 'FRANKIE', '2023-05-24', '0000-00-00 00:00:00', '0000-00-00 00:00:00'),
(527, 9, 16, 20, 15, 'LUCKY', '2023-05-26', 'KOMPUTER MATI SENDIRI', 'KOMPUTER KESENGGOL LANGSUNG MATI DAN LAMBAT', 'GANTI KABEL POWER DAN CHECKDISK SISTEM', 'FRANKIE', '2023-05-26', '0000-00-00 00:00:00', '0000-00-00 00:00:00'),
(528, 9, 12, 6, 15, 'ADI', '2023-05-26', 'LAPTOP SUSAH KETIK ', 'KEYBOARD BERMASALAH', 'KEYBOARD BERMASALAH', '', '2023-05-26', '0000-00-00 00:00:00', '0000-00-00 00:00:00'),
(529, 10, 23, 63, 17, 'NANANG', '2023-05-29', 'SOLIDWORKS ERROR', 'SOLIDWORKS ERROR', 'COPY BACKUP OS DARI HARDDISK BACKUP DAN RESTORE BACKUP OK. TES OK', 'RAHMAT', '2023-05-29', '0000-00-00 00:00:00', '0000-00-00 00:00:00'),
(530, 10, 22, 53, 15, 'FELICIA', '2023-06-02', 'UPDATE SERI UNIT', 'UPDATE SERI UNIT', 'CEK SERI YANG TIDAK ADA INVOICE, OK', 'FRANKIE', '2023-06-02', '0000-00-00 00:00:00', '0000-00-00 00:00:00'),
(531, 10, 22, 56, 15, 'ALIN', '2023-06-02', 'INSTALL DAN TES PROGRAM E-FAKTUR DAN DP. ', 'TES BY USER U/ STATUS OK', 'TIDAK ADA TES PROGRAM DP, WA ALIN JANJIAN SENIN', 'FRANKIE', '2023-06-02', '0000-00-00 00:00:00', '0000-00-00 00:00:00'),
(532, 10, 22, 56, 15, 'ALIN', '2023-06-05', 'UPDATE PROGRAM E-FAKTUR DAN DP. ', 'UPDATE PROGRAM E-FAKTUR DAN DP. ', 'TUNJUKIN HASIL PROGRAM, MINTA PERUBAHAN PROGRAM E-FAKTUR DP DPT DITARIK OLEH LIANG NIO.', 'FRANKIE', '2023-06-05', '0000-00-00 00:00:00', '0000-00-00 00:00:00'),
(533, 10, 22, 56, 15, 'ALIN', '2023-06-07', 'UPDATE PROGRAM E-FAKTUR EXPORT + DP. ', 'UPDATE PROGRAM E-FAKTUR EXPORT + DP. ', 'UPDATE PROGRAM E-FAKTUR EXPORT + DP. DIKOMPUTER ALIN, DESI DAN LIANG NIO', 'FRANKIE', '2023-06-07', '0000-00-00 00:00:00', '0000-00-00 00:00:00'),
(534, 10, 24, 70, 15, 'HARNO', '2023-06-07', 'TIDAK BISA LOGIN WEB MAIL ICA.ID', 'SALAH ADDRESS', 'WEBMAIL.ICA.OR.ID DIGANTI WEBMAIL ICA.ID', 'FRANKIE', '2023-06-07', '0000-00-00 00:00:00', '0000-00-00 00:00:00'),
(535, 9, 12, 6, 17, 'PEPEN', '2023-06-13', 'KEYBOARD R,V,U & Esc TIDAK BERFUNSI', 'KEYBOARD RUSAK', 'GANTI KEYBOARD DARI STOCK IT', 'RAHMAT', '2023-06-13', '0000-00-00 00:00:00', '0000-00-00 00:00:00'),
(536, 10, 12, 10, 15, 'HARNO', '2023-06-14', 'DAFTAR ABSEN 2 USER', 'USER BELUM BISA ABSEN', 'DAFTAR USER, GANTI PASSWORD ABSEN CI LIE-LIE DAN SET SCHEDULI TIME.', 'FRANKIE', '2023-06-14', '0000-00-00 00:00:00', '0000-00-00 00:00:00'),
(537, 9, 17, 25, 17, 'RUSDI', '2023-06-15', 'KOMPUTER DIPEMBENTUKAN ERROR', 'KOMPUTER RUNNING KE HDD LAMA (SSD)', 'JIKA RUNNING PAKAI SSD KELUAR WARNING, CABUT SSD TES OK', 'FRANKIE & RAHMAT', '2023-06-15', '0000-00-00 00:00:00', '0000-00-00 00:00:00'),
(538, 10, 23, 64, 17, 'IZA', '2023-06-19', 'AUTOCAD TIDAK BISA BUKA', 'BELUM SET DEFAULT', 'SET DEFAULT KE AUTOCAD 2013', 'RAHMAT', '2023-06-19', '0000-00-00 00:00:00', '0000-00-00 00:00:00'),
(539, 9, 18, 35, 15, 'RINA', '2023-06-21', 'TIDAK BISA INTERNET & KE SERVER', 'KONEKTOR KENDOR', 'KENCANGKAN KONEKTOR DI PC DAN SWITCH.\nKOMPUTER LAMBAT HRS DISCHEDULE GANTI HDD.', 'FRANKIE', '2023-06-21', '0000-00-00 00:00:00', '0000-00-00 00:00:00'),
(540, 9, 12, 10, 15, 'HARNO', '2023-06-21', 'LAPORAN ABSEN HITUNGAN MASIH TIDAK SESUAI', 'ADA EARLY OUT TAPI MASIH 100%', 'BUAT RUMUS DIREPORT.', 'FRANKIE', '2023-06-21', '0000-00-00 00:00:00', '0000-00-00 00:00:00'),
(541, 9, 21, 50, 15, 'AWIE', '2023-06-27', 'CCTV ASS TIDAK BISA LIHAT REKAMAN', 'HDD TERDETECT, READ/WRITE ERROR', 'FORMAT HDD DARI DVR, TES OK.', 'FRANKIE', '2023-06-27', '0000-00-00 00:00:00', '0000-00-00 00:00:00'),
(542, 10, 22, 54, 15, 'BETTY', '2023-06-27', 'PIUTANG SALAH KODE ACCOUNT', 'KODE ACCOUNT TIDAK ADA DI DAIS', 'BUKA DATABASE RUBAH KODE ACCOUNT.', 'FRANKIE', '2023-06-27', '0000-00-00 00:00:00', '0000-00-00 00:00:00'),
(543, 9, 16, 20, 17, 'KRISWANTO', '2023-06-28', 'KOMPUTER TIBA-TIBA MATI', 'MOTHERBOARD RUSAK', 'SERVICE MOTHERBOARD DAN GANTI POWER SUPPLY', 'RAHMAT', '2023-06-28', '0000-00-00 00:00:00', '0000-00-00 00:00:00'),
(544, 9, 16, 23, 15, 'LUCKY', '2023-07-03', 'KOMPUTER GL PAJAK SERING HANG DAN MATI SENDIRI', 'MEMORI BERMASALAH', 'GANTI MEMORY', 'FRANKIE', '2023-07-03', '0000-00-00 00:00:00', '0000-00-00 00:00:00'),
(545, 10, 22, 58, 15, 'LIE-LIE', '2023-07-03', 'PERPANJANG CERTIFICATE E-FAKTUR', 'PERPANJANG CERTIFICATE E-FAKTUR', 'DOWNLOAD CERTIFICATE DAN UPDATE', 'FRANKIE', '2023-07-03', '0000-00-00 00:00:00', '0000-00-00 00:00:00'),
(546, 10, 22, 60, 15, 'HARNO', '2023-07-10', 'TES INSTALL UPSILON DAN TRAINING USER', 'TES INSTALL UPSILON DAN TRAINING USER', 'INSTALL UPSILON, TRAINING KEVIN DAN TES KONEKSI', 'FRANKIE', '2023-07-10', '0000-00-00 00:00:00', '0000-00-00 00:00:00'),
(547, 10, 0, 42, 15, 'LIANG NIO', '2023-07-12', 'VM-WARE TIDAK BISA BUKA (WIN 98)', 'VM-WARE ERROR', 'INSTALL ULANG VM-WARE 10 BIT', 'FRANKIE', '2023-07-12', '0000-00-00 00:00:00', '0000-00-00 00:00:00'),
(548, 9, 15, 15, 15, 'DINA', '2023-07-12', 'TIDAK BISA PRINT', 'HASIL PRINT TIDAK NYATA', 'TUAS DIANGKA 7 SET KE ANGKA 1, TES OK', 'FRANKIE', '2023-07-12', '0000-00-00 00:00:00', '0000-00-00 00:00:00'),
(549, 10, 22, 60, 15, 'LIANG NIO', '2023-07-31', 'VM-WARE ERROR, INSTALL ULANG TETAP TIDAK BISA', 'VM-WARE ERROR', 'UNINSTALL VMWARE, CHECKDISK C:/ F/X/R. INITIALIZE, DEFRAG, INSTALL ULANG, OK', 'FRANKIE', '2023-07-31', '0000-00-00 00:00:00', '0000-00-00 00:00:00'),
(550, 9, 18, 31, 17, 'ANSORI', '2023-08-02', 'TARIK KABEL LAN UNTUK KOMPUTER BARU', 'KOMPUTER BELUM ADA KABEL UTP', 'MINTA TOLONG PAK PUJIONO TARI KABEL DR SWITCH R&D KE KOMPUTER ANSORI', 'RAHMAT', '2023-08-02', '0000-00-00 00:00:00', '0000-00-00 00:00:00'),
(551, 9, 15, 15, 17, 'YESI', '2023-08-02', 'TIDAK BISA PRINT', 'KOMPUTER BERMASALAH', 'KOMPUTER MINTA KIRIM KE IT, GANTI CMOS BATTERY', 'RAHMAT ', '2023-08-02', '0000-00-00 00:00:00', '0000-00-00 00:00:00'),
(552, 9, 15, 15, 15, 'VIA', '2023-08-03', 'PRINTER LAMPU ERROR ON', 'PRINTER RUSAK', 'PRINTER DIKIRIM KE PABRIK UNTUK DIPERIKSA/DISERVICE', 'FRANKIE', '2023-08-03', '0000-00-00 00:00:00', '0000-00-00 00:00:00'),
(553, 9, 21, 50, 17, 'PEPEN', '2023-08-11', 'TRACKING KABEL UTP CCTV DAN SWITCH', 'PEMASANGAN CCTV', 'CABUT COLOK KABEL UTP DISWITCH, CATAT NO SW & CAMERA', 'FRANKIE', '2023-08-11', '0000-00-00 00:00:00', '0000-00-00 00:00:00'),
(554, 10, 0, 42, 15, 'LIANG NIO', '2023-08-14', 'INSTALL OS + TAMBAH SSD', 'VM-WARE ERROR', 'PASANG SSD, INSTALL WINDOWS 7, BOOT ERROR. AMBIL BACKUP OS PERTAMA', 'FRANKIE', '2023-08-14', '0000-00-00 00:00:00', '0000-00-00 00:00:00'),
(555, 9, 17, 0, 15, 'LIANG NIO', '2023-08-21', 'TAMBAH SSD DAN SETTING KOMP', 'VM-WARE ERROR', 'PASANG SSD DAN SETTING KOMPUTER, TES VM-WARE OK', 'FRANKIE', '2023-08-21', '0000-00-00 00:00:00', '0000-00-00 00:00:00'),
(556, 9, 16, 20, 17, 'NANANG', '2023-08-22', 'KOMPUTER BLUE SCREEN', 'OS BERMASALAH', 'INSTALL ULANG OS DAN SOFTWARE DIKOMPUTER', 'RAHMAT', '2023-08-22', '0000-00-00 00:00:00', '0000-00-00 00:00:00'),
(557, 9, 21, 50, 17, 'PEPEN', '2023-08-24', 'PINDAH POSISI DAN ARAH PANDANG CCTV 63 & 62', 'ARAH PANDANGAN CCTV KURANG PAS', 'MENGARAHKAN PEMINDAHAN POSISI SESUAI DG INSTRUKSI YANG SUDAH DIBERIKAN.', 'FRANKIE', '2023-08-24', '0000-00-00 00:00:00', '0000-00-00 00:00:00'),
(558, 10, 22, 57, 15, 'HARNO', '2023-08-29', 'TRAINING DAN EXPORT LAPORAN KERUSAKAN 5 TAHUN', 'CEK FATUR DAN SORT DATA FAKTUR SERVICE UPS 5 TAHUN BERDASARKAN TGL BELI\nTraining christine', 'CEK FATUR DAN SORT DATA FAKTUR SERVICE UPS 5 TAHUN BERDASARKAN TGL BELI\nTraining christine', 'FRANKIE', '2023-08-29', '0000-00-00 00:00:00', '0000-00-00 00:00:00'),
(559, 10, 21, 51, 14, 'AWIE', '2023-08-30', 'CCTV TIDAK MAU REKAM', 'CCTV TIDAK ADA REKAMAN', 'CREATE PARTISI BY DVR, OK, HDD NORMAL, REKAMAN JALAN', 'FRANKIE', '2023-08-30', '0000-00-00 00:00:00', '0000-00-00 00:00:00'),
(560, 9, 15, 14, 15, 'JONATAN', '2023-09-06', 'MONITOR CHRISTINE TIDAK BISA NYALA,\nCCTV TIDAK MAU REKAM', 'GANTI MONITOR CHRISTINE, FORMAT DAN CHECKDISK HDD DVR. CREATE PARTISI TES OK.', 'GANTI MONITOR CHRISTINE, FORMAT DAN CHECKDISK HDD DVR. CREATE PARTISI TES OK.', 'FRANKIE', '2023-09-06', '0000-00-00 00:00:00', '0000-00-00 00:00:00'),
(561, 10, 0, 44, 15, 'NUR', '2023-09-13', 'KOMPUTER TIDAK BISA BOOTING, MASUK RECOVERY  DAN RESTART TERUS', 'MUNCUL ERROR DEFAULT BATTERY CMOS HABIS', 'CHECKDISK, & BOOTING OK\nATUR LAIN WAKTU UNTUK GANTI CMOS BATTERY', 'FRANKIE', '2023-09-13', '0000-00-00 00:00:00', '0000-00-00 00:00:00'),
(562, 9, 18, 39, 17, 'WANTI', '2023-09-14', 'KONEKSI KE SERVER GEDUNG 63 PUTUS', 'KABEL FIBER PUTUS', 'PINDAH KE KABEL UTP (BACKUP). TGL 30-9-23 : SAMBUNG KABEL FIBER OPTIK. KONEKSI KEMBALIKAN KE KABEL FIBER OPTIK. TES OK.', 'FRANKIE & RAHMAT', '2023-09-14', '0000-00-00 00:00:00', '0000-00-00 00:00:00'),
(563, 10, 21, 48, 15, 'ELLY', '2023-09-14', 'UPDATE ANTIVIRUS KASPERSKY', 'UPDATE ANTIVIRUS KASPERSKY', 'PERPANJANG KASPERSKY ELLY, DAN DANIA', 'FRANKIE', '2023-09-14', '0000-00-00 00:00:00', '0000-00-00 00:00:00'),
(564, 10, 22, 53, 15, 'FELICIA', '2023-09-18', 'DIPANGGIL SURUH KE GLODOK OLEH FELICIA', 'EXPEDISI SALAH/TERTUKAR KIRIM BARANG', 'KASIH TAU CARA RUBAH DI DATABASE ICL', 'FRANKIE', '2023-09-18', '0000-00-00 00:00:00', '0000-00-00 00:00:00'),
(565, 10, 21, 48, 0, 'RINA', '2023-09-18', 'PERPANJANG KASPERSKY BU RINA', 'PERPANJANG KASPERSKY', 'PERPANJANG KASPERSKY ', '', '2023-09-18', '0000-00-00 00:00:00', '0000-00-00 00:00:00'),
(566, 9, 15, 15, 15, 'KO ADI', '2023-09-21', 'PASANG PRINTER EPSON L565', 'PASANG DAN INSTALL PRINTER EPSON L565 DIKOMP YUNI DAN VHIA', 'PASANG DAN INSTALL PRINTER EPSON L565 DIKOMP YUNI DAN VHIA', 'FRANKIE', '2023-09-21', '0000-00-00 00:00:00', '0000-00-00 00:00:00'),
(567, 10, 22, 57, 15, 'CHRISTINE', '2023-09-21', 'TRAINING  CHRISTINE LAPORAN BARANG RUSAK SV', 'TRAINING  CHRISTINE ICA SV U/ PENARIKAN DATA SERVICE YANG UPS MASIH DIBAWAH 5 TAHUN', 'TRAINING  CHRISTINE ICA SV U/ PENARIKAN DATA SERVICE YANG UPS MASIH DIBAWAH 5 TAHUN', 'FRANKIE', '2023-09-21', '0000-00-00 00:00:00', '0000-00-00 00:00:00'),
(568, 9, 15, 14, 15, 'JONATAN', '2023-09-21', 'MONITOR SUKA BERUBAH WARNA', 'MONITOR SUKA BERUBAH WARNA', 'KENCANGKAN KABEL MONITOR KE KOMPUTER, JIKA MASIH BERUBAH WARNA BARU DITUKAR', 'FRANKIE', '2023-09-21', '0000-00-00 00:00:00', '0000-00-00 00:00:00'),
(569, 9, 15, 15, 15, 'YUNI', '2023-10-02', 'PRINTER EPSON L565 SCAN COMUNICATION ERROR', 'SETTING KOMPUTER YUNI DAN VHIA KONEK KE PRINTE MENGGUNAKAN LAN.', 'SETTING KOMPUTER YUNI DAN VHIA KONEK KE PRINTE MENGGUNAKAN LAN.', 'FRANKIE', '2023-10-02', '0000-00-00 00:00:00', '0000-00-00 00:00:00'),
(570, 10, 21, 48, 15, 'FELICIA', '2023-10-02', 'PERPANJANG KASPERSKY\nFELICIA SALAH INPUT SRN PERIODE JULI 200 UNIT', 'SUDAH TERJADI STN DAN PENJUALAN.', 'UBAH DATABASE ICL GLODOK, CABANG DAN BULANAN.', 'FRANKIE', '2023-10-02', '0000-00-00 00:00:00', '0000-00-00 00:00:00'),
(571, 9, 17, 25, 15, 'LUCKY', '2023-10-12', 'KOMPUTER ESPT TIDAK BISA BOOTING', 'TIDAK BISA BOOTING WINDOWS', 'CHECKDISK C:/F/X/R-Defrag.\nBOOT WINDOWS OK', 'FRANKIE', '2023-10-12', '0000-00-00 00:00:00', '0000-00-00 00:00:00'),
(572, 9, 16, 23, 17, 'YESI', '2023-10-19', 'KOMPUTER TIDAK BISA TAMPIL', 'MEMORY, POWER SUPPLY DAN CMOS BATTERY RUSAK', 'GANTI POWER SUPPLY, MEMORY DAN CMOS BATTERY', 'RAHMAT', '2023-10-19', '0000-00-00 00:00:00', '0000-00-00 00:00:00'),
(573, 10, 21, 49, 17, 'SERVER IT.21A', '2023-10-24', 'SERVER ICA21 (MIS ICL) TIDAK BISA DIAKSES', 'KOMPUTER SERVER KENA VIRUS RANSOMWARE.', 'RESTORE DATA BACKUP TERAKHIR', 'FRANKIE & RAHMAT', '2023-10-24', '0000-00-00 00:00:00', '0000-00-00 00:00:00'),
(574, 10, 18, 41, 17, 'ANSORI', '2023-10-25', 'KOMPUTER TIDAK BISA KONEK SERVER', 'IP ADDRESS LEPAS', 'SETTING IP TES OK.', 'RAHMAT', '2023-10-25', '0000-00-00 00:00:00', '0000-00-00 00:00:00'),
(575, 9, 16, 21, 15, 'NUR', '2023-10-27', 'GANTI BATERAI CMOS', 'GANTI BATERAI CMOS', 'GANTI BATERAI CMOS KOMP MGK, SETTING TGL DAN JAM', 'FRANKIE', '2023-10-27', '0000-00-00 00:00:00', '0000-00-00 00:00:00'),
(576, 10, 21, 50, 15, 'DINA', '2023-11-01', 'CCTV TIDAK MEREKAM', 'CEK CCTV PLAYBACK KOSONG', 'CABUT HDD, PASANG DI PC, CHECKDISK. KEMBALIKAN KE DVR FORMAT DARI DVR, CEK PLAYBACK OK.', 'FRANKIE', '2023-11-01', '0000-00-00 00:00:00', '0000-00-00 00:00:00'),
(577, 9, 18, 32, 15, 'ELLY', '2023-11-01', 'INTERNET LAMBAT', 'INTERNET LAMBAT', 'RESTART ROUTER & MODEM SPEEDY, TES BANDWITH OK', '', '2023-11-01', '0000-00-00 00:00:00', '0000-00-00 00:00:00'),
(578, 10, 22, 60, 17, 'RIDWAN\nNANANG', '2023-11-07', 'RIDWAN VMWARE ERROR\nNANANG AUTOCAD ERROR', 'SOFTWARE ERROR', 'UDD ULANG VMWARE DAN REINSTALL AUTOCAD', 'RAHMAT', '2023-11-07', '0000-00-00 00:00:00', '0000-00-00 00:00:00'),
(579, 10, 21, 50, 15, 'DINA', '2023-11-08', 'CCTV TIDAK MEREKAM', 'HARDDISK TIDAK MAU TERBACA', 'GANTI HDD, DVR TIDAK MAU BOOTING, STUCK DILOGO, HDD BUNYI. RESTART DVR FORMAT HDD OK', 'FRANKIE', '2023-11-08', '0000-00-00 00:00:00', '0000-00-00 00:00:00'),
(580, 9, 16, 21, 15, 'RINA', '2023-11-10', 'JAM DIKOMPUTER NGACO', 'CMOS BATTERY HABIS', 'GANTI CMOS BATTERY', 'FRANKIE', '2023-11-10', '0000-00-00 00:00:00', '0000-00-00 00:00:00'),
(581, 10, 22, 54, 15, 'BETTY', '2023-11-10', 'ADA KODE ACCOUNT SALAH', 'MINTA USER KELUAR DAIS', 'UBAH KODE OS & ACCOUNT', 'FRANKIE', '2023-11-10', '0000-00-00 00:00:00', '0000-00-00 00:00:00'),
(582, 9, 18, 41, 15, 'MINA', '2023-11-13', 'KOMPUTER MINA PASANG INTERNET', 'KOMP BELUM ADA INTERNET', 'PASANG KABEL TARIK DARI ROUTER CIWATY KE KOMP MINA. TES INTER SUDAH OK.', 'FRANKIE', '2023-11-13', '0000-00-00 00:00:00', '0000-00-00 00:00:00'),
(583, 9, 18, 41, 15, 'RIBKA & DESI', '2023-11-16', 'KOMPUTER TIDAK BISA KONEK SERVER & INTERNET PUTUS.', 'RESTART ROUTER LT.3', 'TES KOMPUTER SUDAH BAGUS', 'FRANKIE', '2023-11-16', '0000-00-00 00:00:00', '0000-00-00 00:00:00'),
(584, 9, 16, 20, 15, 'ROXY', '2023-11-16', 'PASANG & SETTING KOMPUTER SELSAI DIINSTALL ULANG', 'PASANG & SETTING KOMPUTER SELSAI DIINSTALL ULANG', 'INSTALL PROGRAM U/ EXPORT ICL KE CSV, TRAINING USER.', 'FRANKIE', '2023-11-16', '0000-00-00 00:00:00', '0000-00-00 00:00:00'),
(585, 9, 18, 32, 15, 'LIANI', '2023-11-20', 'PASANG DAN SETTING ROUTER LT.3', 'PASANG DAN SETTING ROUTER LT.3', 'PASANG DAN SETTING ROUTER TENDA.\nTANYA KO ADI DATA QTY PENJUALAN BERDASARKAN DARI APA. DATA BERDASARKAN FAKTUR BUKAN ICL', 'FRANKIE', '2023-11-20', '0000-00-00 00:00:00', '0000-00-00 00:00:00'),
(586, 10, 21, 50, 15, 'RINA', '2023-11-28', 'JAM CCTV TIDAK SESUAI', 'JAM NGACO', 'SETTING JAM CCTV ICA SV', 'FRANKIE', '2023-11-28', '0000-00-00 00:00:00', '0000-00-00 00:00:00'),
(587, 9, 16, 19, 15, 'LASTRI', '2023-12-06', 'KOMPUTER SERING NOT RESPONDING', 'RJ-45 DAN POWER SUPPLY TIDAK BAGUS', 'GANTI POWER SUPPLY DAN RJ-45', 'FRANKIE', '2023-12-06', '0000-00-00 00:00:00', '0000-00-00 00:00:00'),
(588, 10, 22, 60, 15, 'MINA', '2023-12-06', 'PDF READER CRASH', 'INSTALL ULANG TETAP SAMA', 'DOWNLOAD SUMATRA PDF VERSI LAMA, OK', 'FRANKIE', '2023-12-06', '0000-00-00 00:00:00', '0000-00-00 00:00:00'),
(589, 9, 16, 17, 17, 'RUSDI', '2023-12-07', 'PASANG KOMPUTER DAN PROYEKTOR DIRUANG MEETING', 'PASANG KOMPUTER DAN PROYEKTOR DIRUANG MEETING', 'PASANG KOMPUTER DAN PROYEKTOR DIRUANG MEETING 07 ', 'FRANKIE', '2023-12-07', '0000-00-00 00:00:00', '0000-00-00 00:00:00'),
(590, 9, 15, 14, 15, 'LASTRI', '2023-12-18', 'MONITOR TIDAK MENYALA', 'ADAPTER RUSAK', 'GANTI ADAPTER 19 V-0.85 A', 'FRANKIE', '2023-12-18', '0000-00-00 00:00:00', '0000-00-00 00:00:00'),
(591, 10, 22, 46, 15, 'ALMA', '2024-01-02', 'SERVER BUNYI SAAT DINYALAKAN, TIDAK MAU TAMPIL', 'KOMPUTER SERVER BUNYI SAAT DINYALAKAN & TIDAK TAMPIL', 'BERSIHKAN MEMORI, TES PINDAH KABEL POWER SATA, CHCKDSK SYSTEM OK', 'FRANKIE', '2024-01-02', '0000-00-00 00:00:00', '0000-00-00 00:00:00'),
(592, 0, 0, 0, 0, 'user', '0000-00-00', 'detail_report', 'cause', 'solution', 'by', '0000-00-00', '0000-00-00 00:00:00', '0000-00-00 00:00:00'),
(593, 9, 17, 25, 15, 'KO ALAY', '2024-01-04', 'BACKUP DATA SERVER FULL', 'BACKUP DATA SERVER FULL', 'PASANG HDD BACKUP DISERVER, ON SERVER + START BACKUP', 'FRANKIE', '2024-01-04', '0000-00-00 00:00:00', '0000-00-00 00:00:00'),
(594, 9, 16, 20, 17, 'ANSORI', '2024-01-04', 'PASANG KOMPUTER DIRUANG MEETING (2 UNIT)', 'PASANG KOMPUTER DIRUANG MEETING ', 'PASANG KOMPUTER, RAPIKAN DAN TES NYALA ', 'FRANKIE', '2024-01-04', '0000-00-00 00:00:00', '0000-00-00 00:00:00'),
(595, 9, 17, 25, 15, 'PURNA', '2024-01-04', 'KOMPUTER BLUE SCREEN', 'HDD TIDAK TERBACA', 'KOMPUTER KIRIM KE PABRIK UNTUK GANTI HDD', 'FRANKIE', '2024-01-04', '0000-00-00 00:00:00', '0000-00-00 00:00:00'),
(596, 9, 17, 25, 15, 'BETTY', '2024-01-05', 'BACKUP SERVER GLODOK', 'BACKUP DATA SERVER FULL', 'USER SEMUA KELUAR SERVER, PASANG HDD BACKUP + ON SERVER + RUN SECURE COPY', 'FRANKIE', '2024-01-05', '0000-00-00 00:00:00', '0000-00-00 00:00:00'),
(597, 10, 22, 54, 15, 'BETTY', '2024-01-05', 'DAIS 2024', 'SET DAIS 2024 DI KOMP BETTY, LIANG NIO, ALIN.\nLIANG NIO SET ICL PAJAK.', 'SET DAIS 2024 DI KOMP BETTY, LIANG NIO, ALIN.\nLIANG NIO SET ICL PAJAK.', 'FRANKIE', '2024-01-05', '0000-00-00 00:00:00', '0000-00-00 00:00:00'),
(598, 9, 18, 32, 14, 'SV LT. 4', '2024-01-05', 'LT.4 E-FAKTUR TIDAK BISA CONNECT WIFI', 'TIDAK BISA CONNECT WIFI', 'ROUTER BELUM DI AKTIFKAN', 'FRANKIE', '2024-01-05', '0000-00-00 00:00:00', '0000-00-00 00:00:00'),
(599, 10, 22, 54, 15, 'BETTY', '2024-01-09', 'KODE PENJUALAN SALAH POSTING', 'DATA DAIS GL ACCOUNT PENJUALAN TIDAK SESUAI', 'PERBAIKI DATABASE DAIS GL\nPERBAIKI KODE PENJUALAN PADA AR-JG, OK', 'FRANKIE', '2024-01-09', '0000-00-00 00:00:00', '0000-00-00 00:00:00'),
(600, 9, 17, 25, 14, 'PURNA', '2024-01-10', 'SETTING KOMPUTER PURNA SELESAI DIPERBAIKI', 'HDD TIDAK TERBACA', 'GANTI SSD DAN POWER SUPPLY', 'FRANKIE', '2024-01-10', '0000-00-00 00:00:00', '0000-00-00 00:00:00'),
(601, 9, 16, 21, 15, 'BETTY', '2024-01-10', 'KOMPUTER TIDAK BISA MASUK WINDOWS, MUNCUL BIOS', 'CMOS BATTERY HABIS', 'GANTI CMOS BATTERY', 'FRANKIE', '2024-01-10', '0000-00-00 00:00:00', '0000-00-00 00:00:00'),
(602, 9, 15, 15, 17, 'SUKOWATI', '2024-01-11', 'PRINTER SUSAH NYALA', 'SUPPLY PRINTER BERMASALAH', 'SERVICE KE ADL COMP, TIDAK KENA BIAYA KARENA MASIH MASA GARANSI', 'FRANKIE', '2024-01-11', '0000-00-00 00:00:00', '0000-00-00 00:00:00'),
(603, 9, 16, 23, 17, 'SERVER ICA21', '2024-01-15', 'KOMPUTER BLUE SCREEN', 'MEMORI, LAN CARD DAN VGA BERMASALAH', 'GANTI MEMORI, LAN CARD DAN VGA', 'FRANKIE', '2024-01-15', '0000-00-00 00:00:00', '0000-00-00 00:00:00'),
(604, 9, 15, 15, 15, 'RINA', '2024-01-15', 'KOMPUTER TIDAK BISA BOOTING ', 'KOMPUTER BELUM SHARING PRINTER', 'SET PRINTER SHARING KOMP PURNA, INSTALL DRIVER EPSON L120', 'FRANKIE', '2024-01-15', '0000-00-00 00:00:00', '0000-00-00 00:00:00'),
(605, 9, 15, 15, 15, 'PURNA', '2024-01-15', 'PURNA TIDAK BISA PRINT KE DANIA', 'TIDAK BISA PRINT KE DANIA', 'SET PRINTER SHARING KOMP PURNA, INSTALL DRIVER EPSON L120', 'FRANKIE', '2024-01-15', '0000-00-00 00:00:00', '0000-00-00 00:00:00'),
(606, 10, 22, 60, 15, 'ELLY', '2024-01-15', 'FILE EXCEL EKSH.XLSX RUSAK', 'FILE RUSAK', 'REPAIRE FILE EXCEL ', 'FRANKIE', '2024-01-15', '0000-00-00 00:00:00', '0000-00-00 00:00:00'),
(607, 9, 16, 21, 17, 'ICT4', '2024-01-16', 'KOMP TIDAK BISA MASUK WINDOWS DAN RESTART SENDIRI', 'CMOS BATTERY DAN MEMORI RUSAK', 'GANTI CMOS BATTERY DAN MEMORI', 'FRANKIE', '2024-01-16', '0000-00-00 00:00:00', '0000-00-00 00:00:00'),
(608, 10, 22, 60, 15, 'LIANG NIO', '2024-01-17', 'PELAJARI & TRAINING CARA PEMAKAIAN (B2B) PT INTI IDOLA', 'CEK TTF ONLINE + DOWNLOAD PANDUAN PENGGUNAAN,\nTES TTF ONLINE, TES BUAT FAKTUR + ADD BTB.', 'TRAINING LIANG NIO PENGGUNAAN TTF', 'FRANKIE', '2024-01-17', '0000-00-00 00:00:00', '0000-00-00 00:00:00'),
(609, 9, 18, 32, 14, 'LT.4', '2024-01-23', 'GANTI ROUTER SV LT.4 ', 'WIFI KONEK TETAPI INTERNET TIDAK BISA', 'PASANG DAN SETTING ROUTER LT.4 (TENDA F3)', 'FRANKIE', '2024-01-23', '0000-00-00 00:00:00', '0000-00-00 00:00:00'),
(610, 9, 18, 37, 15, 'WATY', '2024-01-23', 'SERVER ADA BUNYI MELEDAK DAN PC MATI SENDIRI', 'UPS SERVER RUSAK', 'MINTA ORANG SERVICE CEK UPS', 'FRANKIE', '2024-01-23', '0000-00-00 00:00:00', '0000-00-00 00:00:00'),
(611, 9, 16, 20, 17, 'WHC4', '2024-01-23', 'KOMPUTER SELESAI DIMAINTENANCE TIDAK BISA TAMPIL', 'KOMPUTER SELESAI DIMAINTENANCE TIDAK BISA TAMPIL', 'KOMPUTER DIBAWA KE MPC U/ DIPERBAIKI', 'FRANKIE', '2024-01-23', '0000-00-00 00:00:00', '0000-00-00 00:00:00'),
(612, 9, 18, 31, 17, 'PROD 07', '2024-01-24', 'PASANG CAMERA DI MESIN CNC, BACKUP OS MESIN CNC', 'PASANG CAMERA DI MESIN CNC, BACKUP OS MESIN CNC', 'TARIK KABEL DARI SWITCH KE DALAM MESIN, PASANG KAMERA, SETTING POSISI OK, RAPIKAN POSISI SWITCH & ROUTER', 'FRANKIE', '2024-01-24', '0000-00-00 00:00:00', '0000-00-00 00:00:00'),
(613, 9, 12, 1, 17, 'UTAMI', '2024-01-24', 'MOUSE KLIK KIRI DOUBLE KLIK', 'SWICTH MOUSE RUSAK', 'GANTI MOUSE DARI STOCK IT', 'FRANKIE', '2024-01-24', '0000-00-00 00:00:00', '0000-00-00 00:00:00'),
(614, 10, 22, 54, 15, 'BETTY', '2024-01-29', 'DAIS NILAI PIUTANG DOUBLE', 'CEK DATABASE PIUTANG SUDAH BENAR', 'UPDATE PROGRAM RIS U/REAL TIME STOCK', 'FRANKIE', '2024-01-29', '0000-00-00 00:00:00', '0000-00-00 00:00:00'),
(615, 10, 22, 54, 15, 'BETTY', '2024-01-29', 'INVOICE SUDAH POSTING TAPI TIDAK BISA MELAKUKAN PEMBAYARAN', 'INVOICE SUDAH POSTING TAPI TIDAK BISA MELAKUKAN PEMBAYARAN', 'CEK INOVICE, TGL INVOICE 26/01/24 => 4B, CI BETTY PANGGIL INVOICE 4A', 'FRANKIE', '2024-01-29', '0000-00-00 00:00:00', '0000-00-00 00:00:00'),
(616, 9, 12, 6, 17, 'CNC1', '2024-01-30', 'KEYBOARD TIDAK MAU NYALA', 'KEYBOARD RUSAK', 'GANTI KEYBOARD DARI STOCK IT', 'FRANKIE', '2024-01-30', '0000-00-00 00:00:00', '0000-00-00 00:00:00'),
(617, 9, 12, 1, 16, 'CNC4', '2024-01-30', 'MOUSE MATI TOTAL', 'MOUSE RUSAK', 'GANTI MOUSE DARI STOCK IT', 'FRANKIE', '2024-01-30', '0000-00-00 00:00:00', '0000-00-00 00:00:00'),
(618, 10, 22, 60, 15, 'RINA', '2024-02-06', 'KOMPUTER BERMASALAH , APP ADA YANG TIDAK JALAN', 'CUSTOMER KIRIM EMAIL TIDAK ADA YANG MASUK, KAPASITAS GMAIL SUDAH FULL 15 GB', 'UPGRADE GMAIL KE 100 GB, 1 BULAN U/ KABARI GANTI EMAIL KE ICA.ID.', 'FRANKIE', '2024-02-06', '0000-00-00 00:00:00', '0000-00-00 00:00:00'),
(619, 9, 15, 15, 17, 'ALAM', '2024-02-06', 'HASIL PRINT WARNA BURAM', 'PRINTER RUSAK', 'PRINTER TIDAK BISA DISERVICE', 'FRANKIE', '2024-02-06', '0000-00-00 00:00:00', '0000-00-00 00:00:00'),
(620, 9, 16, 19, 17, 'MIKHA', '2024-02-09', 'KOMPUTER ADA SUARA PLETEK', 'KOMPONEN POWER SUPPLY ADA YG TERLEPAS', 'GANTI POWER SUPPLY DARI STOCK IT', 'FRANKIE', '2024-02-09', '0000-00-00 00:00:00', '0000-00-00 00:00:00'),
(621, 10, 22, 58, 15, 'MINA', '2024-02-15', 'E-FAKTUR U/ CETAK LAPORAN FAKTUR PAJAK TIDAK BISA DIBUKA', 'E-FAKTUR SSL ERROR, DOWNLOAD DAN DAFTAR CERTIFICATE. SUDAH SEHARUSNYA UPGRADE OS.', 'MINTA KOMPUTER CADANGAN U/ MINA', 'FRANKIE', '2024-02-15', '0000-00-00 00:00:00', '0000-00-00 00:00:00'),
(622, 10, 21, 48, 15, 'YUSDI', '2024-02-15', 'PERPANJANG KASPERSKY PAK YUSDI', 'PERPANJANG KASPERSKY', 'PERPANJANG KASPERSKY', 'FRANKIE', '2024-02-15', '0000-00-00 00:00:00', '0000-00-00 00:00:00'),
(623, 9, 16, 21, 17, 'AGUS', '2024-02-15', 'JAM DIKOMPUTER NGAJO', 'CMOS BATTERY RUSAK', 'GANTI CMOS BATTERY', 'FRANKIE', '2024-02-15', '0000-00-00 00:00:00', '0000-00-00 00:00:00'),
(624, 9, 16, 21, 15, 'RINA', '2024-02-19', 'REKAMAN CCTV JAM TIDAK SESUAI', 'CMOS BATTERY HABIS', 'GANTI CMOS BATTERY DVR', 'FRANKIE', '2024-02-19', '0000-00-00 00:00:00', '0000-00-00 00:00:00'),
(625, 9, 16, 23, 15, 'YUNI', '2024-02-19', 'YUNI KOMPUTER LAMBAT', 'KURANG MEMORI DAN SSD', 'KOMP PAK ADI SUDAH TIDAK DIPAKAI, MEMORI DAN SSD MUTASI KE KOMPUTER YUNI.\nKOMPUTER PAK ADI MAU DIKIRIM KE PABRIK', 'FRANKIE', '2024-02-19', '0000-00-00 00:00:00', '0000-00-00 00:00:00'),
(626, 9, 16, 19, 15, 'PAJAK KONSULTAN', '2024-02-19', 'KOMPUTER SERING MATI SENDIRI', 'POWER SUPPLY RUSAK', 'GANTI POWER SUPPLY DARI STOCK IT', 'FRANKIE', '2024-02-19', '0000-00-00 00:00:00', '0000-00-00 00:00:00'),
(627, 9, 15, 15, 17, 'SUKOWATI', '2024-02-20', 'HASIL PRINT PUTUS-PUTUS', 'IC DAN PIN HEAD RUSAK', 'SERVICE KE ADL COMP, SETELAH DITES PRINTER SUDAH DINYALAIN. PRINTER SERVICE KE MPC GANTI SUPPLY.', 'FRANKIE', '2024-02-20', '0000-00-00 00:00:00', '0000-00-00 00:00:00'),
(628, 10, 20, 44, 15, 'MINA', '2024-02-21', 'PASANG, SETTING DAN BACKUP KOMPUTER SELESAI DIUPDATE OS', 'PASANG, SETTING DAN BACKUP KOMPUTER SELESAI DIUPDATE OS', 'PASANG, SETTING DAN BACKUP KOMPUTER SELESAI DIUPDATE OS', 'FRANKIE', '2024-02-21', '0000-00-00 00:00:00', '0000-00-00 00:00:00'),
(629, 10, 22, 60, 14, 'HARNO', '2024-02-23', 'ABSENSI KARYAWAN DR TGL 9-2-24 TIDAK ADA', 'CEK DATA DIMESIN ADA, CEK KOMPUTER PAK HARNO', 'CEK RULE MANAGEMENT OUT STATE & OT STATE DARI \"AUDIT IT\" GANTI \"IGNORE STATE\". CALCULASI ULANG REPORT OK.', 'FRANKIE', '2024-02-23', '0000-00-00 00:00:00', '0000-00-00 00:00:00'),
(630, 10, 22, 54, 15, 'WATY', '2024-02-27', 'BACKUP DAIS, INSTALL PROGRAM RTA &SETTING DIKOMPUTER WATY + TESTING', 'INSTALL PROGRAM U/ TARIK DATA PIUTANG DAN PEMBAYARAN PIUTANG DARI DAIS (RTA)', 'SETTING KONEKSI, MARKING DATA YG SUDAH DITARIK, SET SCHEDULE.', 'FRANKIE', '2024-02-27', '0000-00-00 00:00:00', '0000-00-00 00:00:00'),
(631, 10, 22, 60, 15, 'LIANG NIO', '2024-03-01', 'ADA UPDATE B2B PT INTI IDOLA', 'CEK EMAIL U/ UPDATE DAN PERUBAHAN PENGGUNAAN B2B,', 'PELAJARI DAN TRAINING LIANG NIO DAN LIE-LIE UPDATE DARI B2B.', 'FRANKIE', '2024-03-01', '0000-00-00 00:00:00', '0000-00-00 00:00:00'),
(632, 9, 17, 0, 15, 'RINA', '2024-03-04', 'PASANG SSD KOMPUTER IBU RINA', 'HDD FULL', 'PASANG SSD, CLONE OS, HDD JADI DATA', 'FRANKIE', '2024-03-04', '0000-00-00 00:00:00', '0000-00-00 00:00:00'),
(633, 9, 16, 20, 17, 'QA11', '2024-03-07', 'KOMPUTER TIDAK BISA PRINT', 'PORT USB RUSAK', 'KEYBOARD-MOUSE USB GANTI PS-2, PORT USB BISA DIPAKAI U/ KABEL PRINTER', 'FRANKIE', '2024-03-07', '0000-00-00 00:00:00', '0000-00-00 00:00:00'),
(634, 10, 22, 55, 15, 'ALIN', '2024-03-08', 'UPDATE PROGRAM F-INV + MODUL U/ UPDATE CREDIT LIMIT CUSTOMER.', 'UPDATE PROGRAM TARIK DATA DIKOMPUTER WATY ADA ERROR', 'PERBAIKI PROGRAM DAN UPDATE PROGRAM OK.\nINSTALL PROGRAM F-INV U/ MEMANTAU DUO DATE & KREDIT CUSTOMER.\nUPDATE PROGRAM F-INV & MEMBERI TAHU UPDATE DAN CARA PENGGUNAAN UPDATE PROGRAM.', 'FRANKIE', '2024-03-08', '0000-00-00 00:00:00', '0000-00-00 00:00:00'),
(635, 10, 22, 55, 14, 'DINA', '2024-03-13', 'FAKTUR & SO TIDAK BISA DIPANGGIL STOP DI TGL 6-3-2024', 'DATA FAKTUR DARI TGL 07 MARET 2024 TIDAK ADA', 'BACKUP FAKTUR, AMBIL MASTER FAKTUR DAN COPY DATA FAKTUR 2024+ TARIK DATA FAKTUR DARI SV, OK', 'FRANKIE', '2024-03-13', '0000-00-00 00:00:00', '0000-00-00 00:00:00'),
(636, 10, 22, 53, 15, 'LIANG NIO', '2024-03-13', 'PROGRAM TARIK DATA ICL => CSV E-FAKTUR ERROR', 'ERROR DI INVOICE 1228', 'TARIK DATA ICL, EXPORT CSV OK', 'FRANKIE', '2024-03-13', '0000-00-00 00:00:00', '0000-00-00 00:00:00'),
(637, 10, 22, 55, 15, 'WATI', '2024-03-14', 'PROGRAM PENARIKAN DATA ACCOUNTING  TERHENTI SETELAH UPDATE 08-03-2024', 'UPDATE PROGRAM TARIK DATA ACC U/ TESTING BUG.', 'UPDATE PROGRAM, SET DAN TES OK.', 'FRANKIE', '2024-03-14', '0000-00-00 00:00:00', '0000-00-00 00:00:00'),
(638, 9, 16, 20, 14, 'HARNO', '2024-03-14', 'MINTA LAPTOP DI CEK LAMBAT ', 'LAPTOP LAMBAT', 'MATIKAN SERVICE & STARTUP YG TIDAK PERLU STANDBY, UNINSTALL MCFEE, DEFRAG OK, TES RESTART = SHUTDOWN', 'FRANKIE', '2024-03-14', '0000-00-00 00:00:00', '0000-00-00 00:00:00'),
(639, 9, 16, 23, 15, 'ALMA', '2024-03-15', 'KOMPUTER TIDAK BISA TAMPIL', 'MEMORY KOTOR & KABEL HDD RUSAK', 'BERSIHKAN MEMORI DAN GANTI POWER HDD. TES OK', 'FRANKIE', '2024-03-15', '0000-00-00 00:00:00', '0000-00-00 00:00:00'),
(640, 9, 15, 15, 15, 'YUNI', '2024-03-19', 'PRINTER SERING KELUAR ERROR', 'PRINTER RUSAK', 'PRINTER DIKIRIM KE PABRIK U/ DIPERBAIKI\nPASANG DAN SETTING PRINTER LT DASAR KE TEMPAT YUNI.', 'FRANKIE', '2024-03-19', '0000-00-00 00:00:00', '0000-00-00 00:00:00'),
(641, 10, 22, 58, 15, 'LIANG NIO', '2024-03-19', 'CSV DARI KAPUK TIDAK BISA IMPORT', 'SETELAH DIPERIKSA E-FAKTUR BU SHERIS SALAH KIRIM BULAN CSV', 'SETELAH DIPERIKSA E-FAKTUR BU SHERIS SALAH KIRIM BULAN CSV', 'FRANKIE', '2024-03-19', '0000-00-00 00:00:00', '0000-00-00 00:00:00'),
(642, 10, 24, 70, 14, 'ADI', '2024-03-19', 'TIDAK BISA BUKA WEBMAIL ICA.ID', 'TIDAK BISA BUKA WEBMAIL ICA.ID SELALU KE HTTPS', 'HAPUS COOKIES DAN DATA HISTORY BROWSER, HAPUS CERTIFICATE OK', 'FRANKIE', '2024-03-19', '0000-00-00 00:00:00', '0000-00-00 00:00:00'),
(643, 9, 18, 32, 14, 'ELLY', '2024-03-25', 'ROUTER LT.4 MASIH SERING ERROR', 'CI LIE-LIE WIFI KONEK TETAPI INTERNET TIDAK BISA', 'MASUK ROUTER, SET IP STATIC . TES OK.', 'FRANKIE', '2024-03-25', '0000-00-00 00:00:00', '0000-00-00 00:00:00'),
(644, 9, 15, 15, 14, 'DINA ', '2024-03-25', 'PRINTER PRINT SENDIRI', 'PRINTER PRINT SENDIRI ADA SANGKUTAN DARI KOMP ISNUR', 'PRINTER PRINT SENDIRI ADA ', 'FRANKIE', '2024-03-25', '0000-00-00 00:00:00', '0000-00-00 00:00:00'),
(645, 9, 17, 25, 14, 'HARNO', '2024-03-25', 'LAPTOP KADANG SUKA HENG', 'CEK PERFORMANCE SAAT MENYALAKAN LAPTOP PROCESSOR, MEMORI DAN SSD SPIKE.', 'UNINSTALL ACRONIS 2013 DAN MATIKAN SERVICE ANTIVIRUS YANG TIDAK PERLU.', 'FRANKIE', '2024-03-25', '0000-00-00 00:00:00', '0000-00-00 00:00:00'),
(646, 9, 16, 19, 17, 'IAR', '2024-04-17', 'KOMPUTER RESTART TERUS MENERUS', 'POWER SUPPLY RUSAK', 'GANTI POWER SUPPLY DARI STOCK IT', 'FRANKIE', '2024-04-17', '0000-00-00 00:00:00', '0000-00-00 00:00:00'),
(647, 9, 16, 23, 15, 'LIE-LIE', '2024-04-17', 'KOMPUTER TIDAK BISA TAMPIL', 'MEMORI RUSAK', 'GANTI MEMORI DARI STOCK IT', 'FRANKIE', '2024-04-17', '0000-00-00 00:00:00', '0000-00-00 00:00:00'),
(648, 10, 24, 70, 15, 'RINA', '2024-04-17', 'WEBMAIL ICA TIDAK BISA DIBUKA', 'WEBMAIL ICA TIDAK BISA DIBUKA', 'TES BROWSING GMAIL, TES WEBMAIL ICA.ID DARI HP SEDANG DOWN', 'FRANKIE', '2024-04-17', '0000-00-00 00:00:00', '0000-00-00 00:00:00'),
(649, 9, 18, 41, 15, 'LIE-LIE', '2024-04-18', 'KOMPUTER E-FAKTUR SUKA NO INTERNET', 'WIFI ADAPTER RUSAK', 'PASANG DAN INSTALL WIFI ADAPTER DIKOMPUTER E-FAKTUR', 'FRANKIE', '2024-04-18', '0000-00-00 00:00:00', '0000-00-00 00:00:00'),
(650, 9, 16, 21, 15, 'DESI', '2024-04-18', 'KOMPUTER DESI TGL DAN JAM TIDAK SESUAI', 'CMOS BATTERY RUSAK', 'GANTI CMOS BATTERY', 'FRANKIE', '2024-04-18', '0000-00-00 00:00:00', '0000-00-00 00:00:00'),
(651, 10, 24, 65, 15, 'LIE-LIE', '2024-04-23', 'TRAINING B2B HONDA', 'TRAINING B2B HONDA', 'TRAINING B2B HONDA', 'FRANKIE', '2024-04-23', '0000-00-00 00:00:00', '0000-00-00 00:00:00'),
(652, 9, 15, 15, 15, 'RINA', '2024-04-23', 'PRINT TIDAK KELUAR HASIL', 'TARGET PRINT SALAH', 'SETTING PRINTER', 'FRANKIE', '2024-04-23', '0000-00-00 00:00:00', '0000-00-00 00:00:00'),
(653, 9, 18, 39, 15, 'LIE-LIE', '2024-04-25', 'KOMPUTER E-FAKTUR LAYAR MATI', 'ADAPTER MONITOR RUSAK', 'TES ADAPTER MONITOR LAIN OK\nPINJAM MONITOR EX PURNA U/ E-FAKTUR', 'FRANKIE', '2024-04-25', '0000-00-00 00:00:00', '0000-00-00 00:00:00'),
(654, 9, 16, 23, 15, 'LIE-LIE', '2024-04-25', 'KOMPUTER E-FAKTUR TIDAK MAU TAMPIL', 'MEMORI RUSAK', 'CABUT MEMORI  YANG BARU', 'FRANKIE', '2024-04-25', '0000-00-00 00:00:00', '0000-00-00 00:00:00'),
(655, 9, 16, 23, 15, 'LIE-LIE', '2024-04-26', 'TAMBAHKAN MEMORI KOMPUTER E-FAKTUR', 'SLOT MEMORY RUSAK', 'KOMPUTER MUTASI KE IT U/ DISCRAP', 'FRANKIE', '2024-04-26', '0000-00-00 00:00:00', '0000-00-00 00:00:00'),
(656, 9, 16, 20, 15, 'LIE-LIE', '2024-04-30', 'PASANG KOMPUTER PENGGANTI E-FAKTUR & SETTING', 'KOMPUTER E-FAKTUR SLOT MEMORI DI MOTHERBOARD RUSAK', 'PASANG, SETTING DAN RESTORE DATA KOMPUTER E-FAKTUR BARU', 'FRANKIE', '2024-04-30', '0000-00-00 00:00:00', '0000-00-00 00:00:00'),
(657, 9, 16, 23, 15, 'WATY', '2024-05-06', 'INTERNET TIDAK JALAN DAN KOMPUTER TIDAK BISA TAMPIL', 'MEMORI 1 PCS RUSAK & LAN CARD TIDAK TERDITEK', 'COPOT MEMORI 1PCS DAN PINDAH SLOT LAN CARD', 'FRANKIE', '2024-05-06', '0000-00-00 00:00:00', '0000-00-00 00:00:00'),
(658, 10, 22, 60, 14, 'ADI', '2024-05-06', 'BEBERAPA WEBSITE BUKA HTTPS TIDAK TERBUKA', 'BUKA HTTPS TIDAK BISA TERBUKA', 'CERTIFICATE ERROR, INSTALL CERTIFICATE ADD ROSMIN.ADI@ICA.ID KE OUTLOOK', 'FRANKIE', '2024-05-06', '0000-00-00 00:00:00', '0000-00-00 00:00:00'),
(659, 10, 20, 46, 14, 'DINA', '2024-05-08', 'SEMUA USER TIDAK BISA KONEK SERVER', 'CEK KOMPUTER SERVER ERROR DIRECTORY SERVER', 'CEK DATA BACKUP SYSTEM ACRONIS, RESTORE SYSTEM. TES USER OK', 'FRANKIE', '2024-05-08', '0000-00-00 00:00:00', '0000-00-00 00:00:00'),
(660, 9, 18, 35, 15, 'WATY', '2024-05-10', 'TAMBAH MEMORI DAN GANTI LAN CARD', 'TAMBAH MEMORI DAN GANTI LAN CARD KOMPUTER CI WATY', 'TAMBAH MEMORI DAN GANTI LAN CARD KOMPUTER CI WATY, TES OK', 'FRANKIE', '2024-05-10', '0000-00-00 00:00:00', '0000-00-00 00:00:00'),
(661, 9, 15, 15, 14, 'ELLY', '2024-05-10', 'TIDAK BISA PRINT KE TEMPAT DANIA', 'TIDAK BISA PRINT KE TEMPAT DANIA', 'JOIN ULANG DOMAIN', 'FRANKIE', '2024-05-10', '0000-00-00 00:00:00', '0000-00-00 00:00:00'),
(662, 9, 15, 15, 15, 'YUNI & VIA', '2024-05-10', 'TIDAK BISA PRINT & SCAN', 'LAN PRINTER RUSAK', 'SETTING ULANG PAKAI USB OK', 'FRANKIE', '2024-05-10', '0000-00-00 00:00:00', '0000-00-00 00:00:00'),
(663, 9, 16, 20, 15, 'JONATAN', '2024-05-13', 'KOMPUTER TIDAK BISA LOGIN', 'SYSTEM ERROR', 'RESTORE SYSTEM DAN JOIN DOMAIN ULANG, OK', 'FRANKIE', '2024-05-13', '0000-00-00 00:00:00', '0000-00-00 00:00:00'),
(664, 9, 18, 39, 15, 'WATY', '2024-05-14', 'TARIK KABEL LAN UNTUK MENGKONEKSIKAN 5 KOMP (4 PAJAK + 1 CI WATY)', 'TARIK KABEL DR LT.4 KOMP PAJAK KONSULTAN KE WATY & LT.3 KOMP E-FAKTUR. KONEKSIKAN KOMP ESPT & GL KONSULTAN.', 'TARIK KABEL DR LT.4 KOMP PAJAK KONSULTAN KE WATY & LT.3 KOMP E-FAKTUR.\nKONEKSIKAN KOMP ESPT & GL KONSULTAN.', 'FRANKIE', '2024-05-14', '0000-00-00 00:00:00', '0000-00-00 00:00:00'),
(665, 10, 22, 59, 15, 'WATY', '2024-05-15', 'SETTING KONEKSI GL KONSULTAN & E-FAKTUR U/ KOMP GL KONSULTAN, E-SPT, E-FAKTUR & CI WATY', 'SETTING KONEKSI GL KONSULTAN & E-FAKTUR U/ KOMP GL KONSULTAN, E-SPT, E-FAKTUR & CI WATY', 'KONEKSIKAN KOMP WATY,ESPT, E-FAKTUR & 2 KOMP GL PAJAK KONSULTAN.', 'FRANKIE', '2024-05-15', '0000-00-00 00:00:00', '0000-00-00 00:00:00'),
(666, 10, 22, 59, 15, 'WATY', '2024-05-17', 'INSTALL VM-WARE KOMP ESPT & WATY (WIN 98)', 'VMWARE U/ PROGRAM PAJAK KONSULTAN', 'PASANG DAN SETTING VMWARE 98 DI KOMPUTER ESPT, SAAT TES PROGRAM TIDAK BISA MULTI USER. MINTA KE KONSILTAN AGAR PROGRAM BISA MULTIUSER. TES OK', 'FRANKIE', '2024-05-17', '0000-00-00 00:00:00', '0000-00-00 00:00:00'),
(667, 9, 16, 20, 14, 'DINA', '2024-05-20', 'PINDAH POSISI KOMPUTER', 'PINDAH POSISI KOMPUTER', 'PINDAH KOMPUTER DINA DAN RAPIKAN KABEL', 'FRANKIE', '2024-05-20', '0000-00-00 00:00:00', '0000-00-00 00:00:00'),
(668, 9, 16, 20, 15, 'JONATAN', '2024-05-27', 'PASANG DAN SETTING KOMP PENGGANTI JONATAN.', 'KOMPUTER LAMA LAMBAT', 'PINDAH LAN DARI KOMP LAMA KE KOMPU BARU, BACKUP DATA KE SERVER. PASANG, SETTING & RESTORE DATA JONATAN KE SERVER', 'FRANKIE', '2024-05-27', '0000-00-00 00:00:00', '0000-00-00 00:00:00'),
(669, 10, 22, 60, 14, 'HARNO', '2024-05-27', 'OFFICE EXCEL, WORD BELUM ADA DI DESKTOP', 'OFFICE EXCEL, WORD BELUM ADA DI DESKTOP', 'OFFICE EXCEL, WORD BELUM ADA DI DESKTOP', 'FRANKIE', '2024-05-27', '0000-00-00 00:00:00', '0000-00-00 00:00:00');
INSERT INTO `problem_reports` (`id`, `category_id`, `subcategory_id`, `subsubcategory_id`, `branch_id`, `user`, `report_date`, `detail_report`, `cause`, `solution`, `by`, `finish_date`, `created_at`, `updated_at`) VALUES
(670, 10, 24, 65, 14, 'ELLY', '2024-05-27', 'BUAT PO HONDA MENGGUNAKAN B2B', 'B2B HONDA BUAT QUATATION + SUBMIT PURCH REQ.', 'B2B HONDA BUAT QUATATION + SUBMIT PURCH REQ.', 'FRANKIE', '2024-05-27', '0000-00-00 00:00:00', '0000-00-00 00:00:00'),
(671, 9, 18, 41, 15, 'RINA', '2024-05-30', 'INTERNET PUTUS', 'KONEKTOR RJ-45 DI KOMP BU RINA BERMASALAH', 'GANTI KONEKTOR RJ-45 KOMPUTER IBU RINA', 'FRANKIE', '2024-05-30', '0000-00-00 00:00:00', '0000-00-00 00:00:00'),
(672, 10, 22, 60, 15, 'TIWI', '2024-05-30', 'EXCEL TIDAK BISA SAVE, TIDAK BISA CLOSE, ADA RUMUS EXCEL ERROR', 'EXCEL TIDAK BISA, SAVE TIDAK BISA CLOSE, ADA RUMUS EXCEL ERROR', 'EXCEL TIDAK BISA, SAVE TIDAK BISA CLOSE, ADA RUMUS EXCEL ERROR', 'FRANKIE', '2024-05-30', '0000-00-00 00:00:00', '0000-00-00 00:00:00'),
(673, 9, 16, 20, 15, 'LIE-LIE', '2024-05-30', 'KEMARIN KOMP MATI SENDIRI 1X, TIDAK BISA BUKA TTF INDOMARET', 'KEMARIN KOMP MATI SENDIRI 1X, TIDAK BISA BUKA TTF INDOMARET', 'PAKAI CHROME BISA', 'FRANKIE', '2024-05-30', '0000-00-00 00:00:00', '0000-00-00 00:00:00'),
(674, 10, 22, 60, 15, 'YUSDI', '2024-05-30', 'INSTALL OFFICE DAN ADOBE READER', 'OFFICE TIDAK BISA DI CRACK TAPI SEMENTARA BISA PAKAI', 'OFFICE TIDAK BISA DI CRACK TAPI SEMENTARA BISA PAKAI', 'FRANKIE', '2024-05-30', '0000-00-00 00:00:00', '0000-00-00 00:00:00'),
(675, 10, 24, 65, 15, 'LIANG NIO', '2024-06-04', 'INDOMARET B2B BARU.\nCEK & TRAINING', 'B2B INDOMART\nTANYA KE IBU LIANG NIO MENGENAI PEMBAYARAN TERMIN U/ KAPUK.', 'B2B INDOMART\nTANYA KE IBU LIANG NIO MENGENAI PEMBAYARAN TERMIN U/ KAPUK.\nCI WATY PPH21 U/ WANITA MENIKAH TETAP HARUS TK/0 KECUALI ADA SURAT DR KECAMATAN', 'FRANKIE', '2024-06-04', '0000-00-00 00:00:00', '0000-00-00 00:00:00'),
(676, 9, 18, 35, 15, 'DILA', '2024-06-05', 'PASANG LAN CARD U/ AKSES INTERNET', 'PASANG LAN CARD, INTALL DRIVER DAN SET INTERNET + TES BY USER', 'PASANG LAN CARD, INTALL DRIVER DAN SET INTERNET + TES BY USER', 'FRANKIE', '2024-06-05', '0000-00-00 00:00:00', '0000-00-00 00:00:00'),
(677, 9, 16, 21, 15, 'LASTRI', '2024-06-05', 'CEK NOOTBOOK BATERAI RUSAK', 'BATERAI RUSAK', 'MINTA DI CEK LAGI PERLU GANTI APA SAJA (KIRIM PABRIK)', 'FRANKIE', '2024-06-05', '0000-00-00 00:00:00', '0000-00-00 00:00:00'),
(678, 10, 22, 53, 15, 'BETTY', '2024-06-05', 'DAILY INVOICE REPORT U/ INV PPN NON-INCLUDE HASILNYA TDK ADA PPN. ', 'COPY ICL DAN FOTOKOPY DAILY INVOICE U/ DIPERIKSA OLEH PAK PETERUS.', 'COPY ICL DAN FOTOKOPY DAILY INVOICE U/ DIPERIKSA OLEH PAK PETERUS.', 'FRANKIE', '2024-06-05', '0000-00-00 00:00:00', '0000-00-00 00:00:00'),
(679, 9, 18, 41, 14, 'DINA', '2024-06-06', 'SEMUA USER TIDAK BISA KONEK SERVER', 'INTERNET PUTUS, LOS BLINKING', 'TELPON INDIHOME U/ CEK\nCEK SERVER SYSYTEM ERROR. RESTORE SYSTEM.TEKNISI TELKOM DATANG & CEK ODB. INTERNET ON.', 'FRANKIE', '2024-06-06', '0000-00-00 00:00:00', '0000-00-00 00:00:00'),
(680, 10, 20, 46, 14, 'SERVER ICASV NAS & CHRISTIN', '2024-06-12', 'PASANG & SETTING SERVER ICASV NAS \nPASANG & SETTING KOMP PENGGANTI PC CHRISTIN', 'PASANG & SETTING SERVER ICASV NAS \nPASANG & SETTING KOMP PENGGANTI PC CHRISTIN', 'PASANG & SETTING SERVER ICASV NAS \nPASANG & SETTING KOMP PENGGANTI PC CHRISTIN', 'FRANKIE', '2024-06-12', '0000-00-00 00:00:00', '0000-00-00 00:00:00'),
(681, 10, 20, 46, 14, 'CHRISTIN', '2024-06-13', 'INSTALL ULANG KOMP PENGGANTI PC CHRISTIN', 'INSTALL ULANG & SETTING ULANG KOMP PC CHRISTIN', 'BACKUP OS, TES BY USER\nRUN SECURE COPY DATA ICASV KE ICA-SV', 'FRANKIE', '2024-06-13', '0000-00-00 00:00:00', '0000-00-00 00:00:00'),
(682, 10, 20, 46, 14, 'ELLY', '2024-06-19', 'MIGRASI SERVER KE NAS', 'RUNNING SECURE COPY, START MIGRASI SAMPAI SELESAI, UNJOIN DOMAIN SEMUA USER DAN SETTING SERVER NAS.', 'RUNNING SECURE COPY, START MIGRASI SAMPAI SELESAI, UNJOIN DOMAIN SEMUA USER DAN SETTING SERVER NAS.', 'FRANKIE', '2024-06-19', '0000-00-00 00:00:00', '0000-00-00 00:00:00'),
(683, 10, 20, 46, 14, 'ELLY', '2024-06-20', 'SETTING KOMPUTER PAK HARNO & PAK ALOY & CONNECT KE SERVER BARU', 'SETTING KOMP PAK HARNO U/ CONNECT SERVER BARU', 'SETTING KOMP PAK HARNO U/ CONNECT SERVER BARU', 'FRANKIE', '2024-06-20', '0000-00-00 00:00:00', '0000-00-00 00:00:00'),
(684, 10, 22, 60, 14, 'ELLY', '2024-06-20', 'MS WORD, MERGE EXCEL TANGGAL TAMPIL TIDAK SESUAI', 'MS WORD, MERGE EXCEL TANGGAL TAMPIL TIDAK SESUAI', 'CEK SETTING, SET FORMAT OK', 'FRANKIE', '2024-06-20', '0000-00-00 00:00:00', '0000-00-00 00:00:00'),
(685, 10, 22, 60, 15, 'RINA', '2024-06-20', 'TIDAK BISA BUKA PDF', 'TIDAK BISA BUKA PDF', 'SET DEFAULT PDF OK', 'FRANKIE', '2024-06-20', '0000-00-00 00:00:00', '0000-00-00 00:00:00'),
(686, 10, 20, 46, 15, 'LIE-LIE', '2024-06-24', 'PASANG & SETTING KOMPUTER PENGGANTI CI LIE-LIE', 'PASANG & SETTING KOMPUTER PENGGANTI CI LIE-LIE', 'BACKUP DATA & SHORTCUT KOMPUTER CI LIE-LIE RESTORE DATA, TES BY USER', 'FRANKIE', '2024-06-24', '0000-00-00 00:00:00', '0000-00-00 00:00:00'),
(687, 9, 18, 35, 15, 'JONATAN', '2024-07-02', 'TIDAK BISA CONNECT SERVER - DARIA TIDAK BISA BUKA QHSE', 'LAN CARD TIDAK TERDETECT', 'CABUT & BERSIHKAN LAN CARD', 'FRANKIE', '2024-07-02', '0000-00-00 00:00:00', '0000-00-00 00:00:00'),
(688, 9, 18, 39, 15, 'LIE-LIE', '2024-07-02', 'KONEKSI SUKA PUTUS ', 'KONEKSI SUKA PUTUS', 'KONEKTER MASIH BAGUS KENCANGKAN KONEKTOR', 'FRANKIE', '2024-07-02', '0000-00-00 00:00:00', '0000-00-00 00:00:00'),
(689, 10, 24, 65, 15, 'LIE-LIE', '2024-07-02', 'BESOK ATAU LUSA ADA MAU BUAT TAGIHAN HONDAH PAKAI B2B', 'BESOK ATAU LUSA ADA MAU BUAT TAGIHAN HONDA PAKAI B2B', 'MINTA DATANG U/ PANDU BUAT TAGIHAN', 'FRANKIE', '2024-07-02', '0000-00-00 00:00:00', '0000-00-00 00:00:00'),
(690, 10, 22, 54, 15, 'LIE-LIE', '2024-07-04', 'DAIS TIDAK BISA ADD ERROR MODUL CANNOT UPDATE/EDIT', 'DAIS TIDAK BISA ADD, ERROR MODUL CANNOT UPDATE/EDIT', 'TES RESTORE SYSTEM, TES INSTALL ULANG, BERSIHKAN MEMORY, LEPAS LAN CARD', 'FRANKIE', '2024-07-04', '0000-00-00 00:00:00', '0000-00-00 00:00:00'),
(691, 9, 16, 19, 15, 'LIE-LIE', '2024-07-05', 'GANTI PSU & MEMORI KOMP ', 'GANTI PSU & MEMORI KOMP', 'GANTI PSU & MEMORI KOMP', 'FRANKIE', '2024-07-05', '0000-00-00 00:00:00', '0000-00-00 00:00:00'),
(692, 10, 22, 54, 15, 'LIE-LIE', '2024-07-11', 'KOMP PENGGANTI CI LIE-LIE (DAIS ERROR)', 'ULTRAVIWER TIDAK BISA RUNNING, INSTALL ULANG TETAP ERROR', 'DOWNLOAD ULTRAVIEWER VERSI LAMA & UPDATE BY APLIKASI OK', 'FRANKIE', '2024-07-11', '0000-00-00 00:00:00', '0000-00-00 00:00:00'),
(693, 9, 18, 35, 14, 'HARNO', '2024-07-11', 'KOMP TIDAK MENYALA', 'POWER AC CARD RUSAK', 'GANTI AC CARD', 'FRANKIE', '2024-07-11', '0000-00-00 00:00:00', '0000-00-00 00:00:00'),
(694, 10, 24, 70, 14, 'ELLY', '2024-07-11', 'EMAIL ICA.ID SUKA ERROR', 'EMAIL ICA.ID SUKA ERROR', 'TES PAKAI KONEKSI PABRIK', 'FRANKIE', '2024-07-11', '0000-00-00 00:00:00', '0000-00-00 00:00:00'),
(695, 9, 18, 41, 17, 'HERNA', '2024-07-16', 'GEDUNG M&P TIDAK BISA KONEK SERVER', 'KONEKSI FIBER 21-07 MATI', 'SETUP KABEL CADANGAN (PASANG KONEKTOR + ROSET) TES OK', 'FRANKIE', '2024-07-16', '0000-00-00 00:00:00', '0000-00-00 00:00:00'),
(696, 9, 16, 20, 15, 'WATY', '2024-07-16', 'TUKAR PC SERVER ICA GL', 'TUKAR PC SERVER ICA GL', 'GANTI SERVER, PINDAH HDD', 'FRANKIE', '2024-07-16', '0000-00-00 00:00:00', '0000-00-00 00:00:00'),
(697, 10, 20, 46, 14, 'ALAY', '2024-07-16', 'MASUK KE SERVER TIDAK BISA', 'MASUK KE SERVER TIDAK BISA', 'ID PASS GANTI OK, INSTALL & SETTING AI DATA U/ BUKA ICA BOX', 'FRANKIE', '2024-07-16', '0000-00-00 00:00:00', '0000-00-00 00:00:00'),
(698, 9, 15, 15, 15, 'LIE-LIE', '2024-07-16', 'TIDAK BISA PRINT   ', 'TIDAK BISA PRINT ', 'SET PRINTER PORT KE LPT 3, TES PRINT, OK', 'FRANKIE', '2024-07-16', '0000-00-00 00:00:00', '0000-00-00 00:00:00'),
(699, 10, 22, 53, 15, 'DESI', '2024-07-16', 'TIDAK BISA START VMWARE', 'PARTISI ICL ERROR', 'ADD ULANG OK', 'FRANKIE', '2024-07-16', '0000-00-00 00:00:00', '0000-00-00 00:00:00'),
(700, 10, 22, 60, 15, 'JONATAN', '2024-07-17', 'EXCEL ERROR FORCE CLOSING ', 'EXCEL ERROR FORCE CLOSING', 'REPAIRE OFFICE 2007, OK', 'FRANKIE', '2024-07-17', '0000-00-00 00:00:00', '0000-00-00 00:00:00'),
(701, 10, 22, 60, 14, 'ELLY', '2024-07-18', 'KOMPUTER NOT RESPONDING WEBMAIL SUSAH LOGIN, ATTACH, SEND MAIL', 'KOMPUTER NOT RESPONDING WEBMAIL SUSAH LOGIN', 'UNINSTALL PROGRAM YANG TIDAK DIPAKAI MATIKAN SERVICE YANG TIDAK DIPAKAI DISABLE STARTUP, CHKDSK + DEFRAG CEK SEMUA FILE YANG BIASA DIPAKAI, BANYAK FILE EXCEL BERKAPASITAS BESAR, BIKIN EXCEL BARU & PINDAHAKAN ISI DATA KE SHEET BARU', 'FRANKIE', '2024-07-18', '0000-00-00 00:00:00', '0000-00-00 00:00:00'),
(702, 10, 22, 58, 15, 'LIANG NIO', '2024-07-22', 'UPDATE E-FAKTUR KE V.4.0.', 'UPDATE E-FAKTUR KE V.4.0', 'ICA-GL UPDATE E-FAKTUR VERSI 3.2 KE 4.0., TELP SURABAYA U/ UPDATE E-FAKTUR, DOWNLOAD E-FAKTUR 4.0., ICA-SV UPDATE E-FAKTUR 3.2 KE 4.0', 'FRANKIE', '2024-07-22', '0000-00-00 00:00:00', '0000-00-00 00:00:00'),
(703, 9, 15, 15, 15, 'YUNI', '2024-07-24', 'PRINTER ERROR TIDAK BISA PRINT', 'EPSON L565 TEST PRINT & SCAN, SCANNER KADANG TIDAK TERDETECT, ERROR COMMUNICATION', '', 'FRANKIE', '2024-07-24', '0000-00-00 00:00:00', '0000-00-00 00:00:00'),
(704, 9, 12, 6, 20, 'SEMARANG', '2024-07-24', 'KEYBOARD TIDAK BERFUNGSI', 'KEYBOARD TIDAK BERFUNGSI', 'RESTART PC, OK', 'FRANKIE', '2024-07-24', '0000-00-00 00:00:00', '0000-00-00 00:00:00'),
(705, 10, 22, 58, 15, 'LIE-LIE', '2024-08-01', 'E-FAKTUR ADA PERMINTAAN CUSTOM DARI LAWAN TRANSAKSI, PASANG KOMP. PENGGANTI CI WATY', 'E-FAKTUR ADA PERMINTAAN CUSTOM TRANSAKSI, PASANG KOMP. PENGGANTI CI WATY', 'CEK E-FAKTUR, SET CUSTOM LAWAN TRANSAKSI BY PROGRAM', 'FRANKIE', '2024-08-01', '0000-00-00 00:00:00', '0000-00-00 00:00:00'),
(706, 9, 15, 15, 15, 'RINA', '2024-08-01', 'PRINTER HASIL PRINT TIDAK BAGUS', 'HASIL PRINT TIDAK BAGUS', 'CLEANING PRINTER', 'FRANKIE', '2024-08-01', '0000-00-00 00:00:00', '0000-00-00 00:00:00'),
(707, 9, 16, 20, 15, 'WATY', '2024-08-01', 'PASANG KOMP PENGGANTI U/ CI WATY', 'PASANG KOMP PENGGANTI U/ CI WATY', 'BACKUP DATA CI WATY, CABUT LAN CARD KE KOMP BARU, PASANG KOMP DAN MONITOR BARU, RESTORE DATA, INSTALL DRIVER LAN CARD, PRINTER & SCANNER, COPOT KOMPUTER DIKEMBALIKAN KE PABRIK (SSD MAU PAKAI KOMP YUNI)', 'FRANKIE', '2024-08-01', '0000-00-00 00:00:00', '0000-00-00 00:00:00'),
(708, 9, 18, 32, 17, 'PROD 07', '2024-08-09', 'PASANG WIFI TEMA ROUTER BARU (ICA07)', 'CABUT ROUTER LAMA', 'PASANG ROUTER BARU DAN TES ON', 'FRANKIE', '2024-08-09', '0000-00-00 00:00:00', '0000-00-00 00:00:00'),
(709, 10, 22, 60, 17, 'NANANG', '2024-08-09', 'KOMPUTER TIDAK BISA EDIT AUTOCAD', 'APLIKASI BERMASALAH', 'INSTALL AUTOCAD 2002. \nTES OK', 'FRANKIE', '2024-08-09', '0000-00-00 00:00:00', '0000-00-00 00:00:00'),
(710, 9, 18, 39, 15, 'YUNI', '2024-08-12', 'INTERNET LT. 2 TIDAK BISA', 'INTERNET LT.2 TIDAK BISA', 'GANTI KONEKTOR KOMP LT. 2 KOMP VIA, KENCANGKAN KONEKTOR ROUTER DARI LT. 1.', 'FRANKIE', '2024-08-12', '0000-00-00 00:00:00', '0000-00-00 00:00:00'),
(711, 10, 22, 60, 15, 'FELICIA', '2024-08-12', 'WINDOWS UPDATE MAPPING HILANG', 'WINDOWS UPDATE MAPPING HILANG', 'MAPPING ULANG', 'FRANKIE', '2024-08-12', '0000-00-00 00:00:00', '0000-00-00 00:00:00'),
(712, 10, 22, 55, 14, 'DINA', '2024-08-14', 'FAKTUR TIDAK SESUAI (DINA BUKA CHRISTIN TIDAK READ ONLY), TARIK DARI SO TIDAK MUNCUL', 'DATA HASIL TARIK DARI ORDER TIDAK SESUAI, HEADER FAKTUR TERTIMPA DATA', 'RAPIKAN DATA FAKTUR & TARIK ULANG ORDER', 'FRANKIE', '2024-08-14', '0000-00-00 00:00:00', '0000-00-00 00:00:00'),
(713, 9, 16, 23, 15, 'ISNUR', '2024-08-16', 'TIDAK BISA MASUK WINDOWS, CI ELLY KOMPUTER LAMBAT & HANG', 'SAAT SAVE SERING NOT RESPONDING', 'HARUS TAMBAH MEMORI', 'FRANKIE', '2024-08-16', '0000-00-00 00:00:00', '0000-00-00 00:00:00'),
(714, 9, 18, 39, 17, 'PROD 07', '2024-08-26', 'TARIK KABEL KOMPUTER MESIN LASER BARU', 'PASANG KONEKTOR KABEL UTP', 'PASANG KOMPUTER MESIN DI MESIN LASER', 'FRANKIE', '2024-08-26', '0000-00-00 00:00:00', '0000-00-00 00:00:00'),
(715, 9, 16, 20, 15, 'WATY', '2024-08-27', 'PASANG KOMP. & TARIK KABEL U/ USER BARU.', 'TARIK KABEL DI SERVER KE MEJA USER LT. 4 ', 'PASANG KOMP & SETTING KONEKSI KE SERVER', 'FRANKIE', '2024-08-27', '0000-00-00 00:00:00', '0000-00-00 00:00:00'),
(716, 9, 16, 23, 14, 'ELLY', '2024-08-27', 'GANTI MEMORI', 'GANTI MEMORI', 'GANTI MEMORI DARI 4GB KE 8GB', 'FRANKIE', '2024-08-27', '0000-00-00 00:00:00', '0000-00-00 00:00:00'),
(717, 9, 17, 25, 17, 'ANSORI', '2024-08-27', 'PASANG HARDDISK 500 GB', 'PASANG HARDDSIK 500 GB', 'BACKUP DATA D KE HARDDISK, RESIZE SSD 256 GB (JADI 1 PARTISI) TES OK BACKUP SYSTEM', 'FRANKIE', '2024-08-27', '0000-00-00 00:00:00', '0000-00-00 00:00:00'),
(718, 10, 20, 43, 14, 'DINA', '2024-08-30', 'KOMPUTER TIDAK MAU TAMPIL, SETELAH TAMPIL TIDAK BISA CONNECT SERVER', 'VMWARE TIDAK BISA CONNECT SERVER ', 'AMBIL WINXP VIEW DARI BACKUP', 'FRANKIE', '2024-08-30', '0000-00-00 00:00:00', '0000-00-00 00:00:00'),
(719, 9, 17, 0, 15, 'YUNI', '2024-09-02', 'TAMBAH SSD', 'TAMBAH SSD', 'PASANG SSD DI KOMP YUNI, INSTALL WINDOWS,DRIVER & SOFTWARE, BACKUP DATA FINGERPRINT & RESTORE, TES KONEKSI FINGERPRINT TES PRINT & SCAN, TES BY USER', 'FRANKIE', '2024-09-02', '0000-00-00 00:00:00', '0000-00-00 00:00:00'),
(720, 9, 16, 21, 15, 'EPI', '2024-09-02', 'GANTI BATERAI CMOS EPI', 'GANTI BATERAI CMOS ', 'GANTI BATERAI CMOS', 'FRANKIE', '2024-09-02', '0000-00-00 00:00:00', '0000-00-00 00:00:00'),
(721, 9, 18, 29, 15, 'ICAGL', '2024-09-05', 'BACKUP SERVER TIDAK BISA KONEKSI KE SERVER', 'LAN NYALA TAPI TIDAK ADA KONEKSI', 'KENCANGKAN KONEKTOR, PINDAH SLOT PCI, INSTALL ULANG DRIVER, CHECKKDISK C: RUN BACKUP ', 'FRANKIE', '2024-09-05', '0000-00-00 00:00:00', '0000-00-00 00:00:00'),
(722, 10, 22, 55, 14, 'DINA', '2024-09-05', 'ORDER DAN FAKTUR TIDAK KLOP', 'ADA NOMOR DUPLIKAT, ADA SALAH/KURANG INPUT, SEMPAT DI URUT AUTO DENGAN DRAG TARIK KEBAWAH MAKIN KACAU', 'SURUH USER CEK DARI FAKTUR DAN DISAMAKAN DENGAN ORDER', 'FRANKIE', '2024-09-05', '0000-00-00 00:00:00', '0000-00-00 00:00:00'),
(723, 9, 15, 15, 14, 'ELLY', '2024-09-17', 'TIDAK MAU PRINT KE HP P1102', 'TIDAK BISA PRINT KE HP P1102', 'REINSTALL DRIVER, TEST PRINT, SET SHARING', 'FRANKIE', '2024-09-17', '0000-00-00 00:00:00', '0000-00-00 00:00:00'),
(724, 10, 20, 43, 14, 'HARNO', '2024-09-18', 'LAPTOP TES UPS COBA INSTALL BROWSER & ULTRAVIEWER', 'TIDAK BISA, SUDAH TIDAK SUPPORT WINDOWS XP', 'MINTA TES KABEL USB TO SERIAL, TES UPS YANG SUPPORT WIN 10', 'FRANKIE', '2024-09-18', '0000-00-00 00:00:00', '0000-00-00 00:00:00'),
(725, 10, 22, 58, 15, 'LIE-LIE', '2024-09-18', 'KOMPUTER E-FAKTUR TIDAK MAU PRINT', 'KOMP E-FAKTUR TIDAK BISA BUKA PDF ', 'TES INSTALL ULANG ADOBE READER, UPDATE WINDOWS 7. X64 ICB3080149 OK', 'FRANKIE', '2024-09-18', '0000-00-00 00:00:00', '0000-00-00 00:00:00'),
(726, 10, 21, 48, 15, 'RINA', '2024-09-18', 'UPDATE ANTIVIRUS KOMPUTER, BU RINA, CI ELLY, DANIA', 'HARUS INSTALL ULANG SOFTWARE SECARA ONLINE', 'SETT INSTALL & DITINGGAL, AKTIFKAN BY REMOTE', 'FRANKIE', '2024-09-18', '0000-00-00 00:00:00', '0000-00-00 00:00:00'),
(727, 10, 22, 60, 14, 'HARNO', '2024-09-18', 'TIDAK BISA BUKA ICABOX', 'AEL TIDAK BISA MAPPING', 'BUKA BY WEB', 'FRANKIE', '2024-09-18', '0000-00-00 00:00:00', '0000-00-00 00:00:00'),
(728, 9, 16, 20, 15, 'ISNUR', '2024-09-20', 'KOMPUTER TIDAK MENYALA', 'TIDAK MAU BOOT WINDOWS, RESTART TERUS, BANYAK BAD CLUSTER', 'REPAIR WINDOWS. WINDOWS SYSTEM RUSAK, CPU KIRIM PABRIK', 'FRANKIE', '2024-09-20', '0000-00-00 00:00:00', '0000-00-00 00:00:00'),
(729, 10, 21, 48, 14, 'ELLY', '2024-09-20', 'AKTIVASI ANTIVIRUS KOMPUTER CI ELLY, DARIA & BU RINA', 'AKTIVASI ANTIVIRUS', 'AKTIVASI ANTIVIRUS', 'FRANKIE', '2024-09-20', '0000-00-00 00:00:00', '0000-00-00 00:00:00'),
(730, 10, 22, 60, 15, 'JONATAN', '2024-09-20', 'PDF ERROR SAMA SEPERTI KOMPUTER E-FAKTUR', 'PDF ERROR', 'UPDATE WINDOWS', 'FRANKIE', '2024-09-20', '0000-00-00 00:00:00', '0000-00-00 00:00:00'),
(731, 9, 16, 20, 15, 'ISNUR', '2024-09-24', 'PASANG & SETTING KOMP. SELESAI DIPERBAIKI', 'PASANG & SETTING KOMP. ISNUR', 'PRINTER & SHARE PRINTER', 'FRANKIE', '2024-09-24', '0000-00-00 00:00:00', '0000-00-00 00:00:00'),
(732, 9, 15, 15, 14, 'HARNO', '2024-09-24', 'TIDAK BISA PRINT KE DANIA', 'KOMPUTER DANIA TIDAK BISA DI PING', 'SET FIREWALL KASPERSKY OK', 'FRANKIE', '2024-09-24', '0000-00-00 00:00:00', '0000-00-00 00:00:00'),
(733, 10, 22, 60, 15, 'RINA', '2024-09-30', 'PRINT PDF HASIL TERPOTONG', 'PRINT PDF HASIL TERPOTONG', 'PDF DIBUKA DARI BROWSER, AJARI BUKA DARI ADOBE, PRINT OK', 'FRANKIE', '2024-09-30', '0000-00-00 00:00:00', '0000-00-00 00:00:00'),
(734, 9, 18, 32, 15, 'YUNI', '2024-09-30', 'INTERNET WIFI & KOMP LT. 2 TIDAK BISA', 'INTERNET WIFI & KOMP LT.2 TIDAK BISA', 'KENCANGKAN KABEL KONEKTOR SW LT.1 -> ROUTER LT.2', 'FRANKIE', '2024-09-30', '0000-00-00 00:00:00', '0000-00-00 00:00:00'),
(735, 10, 22, 60, 15, 'ISNUR', '2024-09-30', 'SHORTCUT DI DESKTOP HILANG SEMUA', 'SHORTCUT DI DESKTOP HILANG SEMUA', 'RESTORE DESKTOP SHORT CUT', 'FRANKIE', '2024-09-30', '0000-00-00 00:00:00', '0000-00-00 00:00:00'),
(736, 10, 21, 48, 15, 'FELICIA', '2024-10-07', 'PERPANJANG ANTIVIRUS', 'PERPANJANG ANTIVIRUS', 'UPDATE KASPERSKY, UNINSTALL KASPERSKY LAMA, DOWNLOAD KASPESRKY BARU', 'FRANKIE', '2024-10-07', '0000-00-00 00:00:00', '0000-00-00 00:00:00'),
(737, 10, 22, 58, 15, 'LIANG NIO', '2024-10-07', 'PAJAK TIDAK BISA IMPORT', 'TIDAK BISA IMPORT E-FAKTUR DP', 'INVOICE DP BEDA PERIODE DENGAN CO, EDIT MANUAL', 'FRANKIE', '2024-10-07', '0000-00-00 00:00:00', '0000-00-00 00:00:00'),
(738, 9, 18, 37, 14, 'HARNO', '2024-10-07', 'TES UPS', 'TITIP PESAN U/ TARIK KABEL KARENA MAINTENANCE SEDANG TIDAK ADA (IKUT SERVIS UPS)', '(IKUT SERVIS UPS)', 'FRANKIE', '2024-10-07', '0000-00-00 00:00:00', '0000-00-00 00:00:00'),
(739, 9, 17, 25, 15, 'EPI', '2024-10-09', 'TIDAK BISA MASUK WINDOWS, BAD CLUSTER + RECOVERING ', 'TIDAK BISA MASUK WINDOWS, BAD CLUSTER + RECOVERING', 'RESTORE SYSTEM KE  SSD, PASANG SSD & CABUT HDD, TES BY USER OK', 'FRANKIE', '2024-10-09', '0000-00-00 00:00:00', '0000-00-00 00:00:00'),
(740, 10, 20, 44, 15, 'LIE-LIE', '2024-10-09', 'PDF ERROR', 'PDF ERROR', 'UPDATE WIN 7, OK', 'FRANKIE', '2024-10-09', '0000-00-00 00:00:00', '0000-00-00 00:00:00'),
(741, 9, 18, 31, 14, 'ICASV', '2024-10-09', 'RAPIKAN & PASANG  KONEKTOR KABEL LAN + SWITCH', 'RAPIKAN& PASANG KONEKTOR KABEL LAN + SWITCH', 'TES UPS', 'FRANKIE', '2024-10-09', '0000-00-00 00:00:00', '0000-00-00 00:00:00'),
(742, 9, 18, 41, 15, 'YUNI', '2024-10-14', 'INTERNET LT.2 PUTUS LAGI, RAPIKAN SEMUA KABEL & KONEKTOR', 'INTERNET LT.2 PUTUS LAGI, RAPIKAN SEMUA KABEL & KONEKTOR', 'GANTI KONEKTOR KONEKSI DARI LT DASAR KE  LT.2, KENCANGKAN KONEKTOR, KE PC & KE FINGERPRINT', 'FRANKIE', '2024-10-14', '0000-00-00 00:00:00', '0000-00-00 00:00:00'),
(743, 10, 21, 48, 15, 'FELICIA', '2024-10-14', 'UPDATE STOCK GLODOK TIDAK JALAN', 'INSTALL KASPERSKY TIDAK MAU JALAN INSTALLERNYA', 'TES PAKAI KASPERSKY REMOVER TOOL, INSTALLER TETAP TIDAK MAU JALAN', 'FRANKIE', '2024-10-14', '0000-00-00 00:00:00', '0000-00-00 00:00:00'),
(744, 9, 17, 25, 15, 'JONATAN', '2024-11-01', 'KOMPUTER TIWI TIDAK BISA MASUK SERVER', 'CEK BACKUP SERVER, ERROR, HDD TIDAK TERDETEK', 'FORMAT HDD OK TAPI TIDAK BISA COPY/BACKUP FILE MASUK', 'FRANKIE', '2024-11-01', '0000-00-00 00:00:00', '0000-00-00 00:00:00'),
(745, 9, 17, 25, 17, 'SERVER', '2024-11-04', 'GANTI HDD BACKUP SERVER & BACKUP DATA', 'HDD TIDAK TERBACA, HDD BUNYI', 'PASANG HDD BACKUP SERVER LAMA DI KOMPUTER, PASANG DI BACKUP SERVER, FORMAT DARI NAS, CREATE BACKUP & RUN BACKUP', 'FRANKIE', '2024-11-04', '0000-00-00 00:00:00', '0000-00-00 00:00:00'),
(746, 10, 21, 50, 14, 'ALAY', '2024-11-11', 'CEK CCTV & ROUTER/MODEM', 'DVR TIDAK NYALA, TES PAKAI ADAPTER LAIN TETAP TIDAK NYALA, CABUT HDD TETAP TIDAK MENYALA', 'DVR RUSAK', 'FRANKIE', '2024-11-11', '0000-00-00 00:00:00', '0000-00-00 00:00:00'),
(747, 9, 18, 35, 14, 'EKI', '2024-11-15', 'BACKUP SERVER TIDAK MAU KONEKSI KE SERVER', 'BACKUP SERVER TIDAK MAU KONEK KE SERVER', 'GANTI LAN CARD KOMPUTER BACKUP SERVER, SET IP DAN RUN', 'FRANKIE', '2024-11-15', '0000-00-00 00:00:00', '0000-00-00 00:00:00'),
(748, 10, 22, 58, 15, 'LIANG NIAO', '2024-11-18', 'E-FAKTUR TIDAK BISA START UPLOADER', 'KOMPUTER E-FAKTUR START UPLOADER TIDAK KELUAR CAPTCHA', 'INSTALL & UPDATE ULANG E-FAKTUR TETAP TIDAK KELUAR CAPTCHA, SEDANG ADA MAINTENENACE, SEBAGIAN BISA SEBAGIAN TIDAK BISA', 'FRANKIE', '2024-11-18', '0000-00-00 00:00:00', '0000-00-00 00:00:00');

-- --------------------------------------------------------

--
-- Table structure for table `sessions`
--

CREATE TABLE `sessions` (
  `id` varchar(255) NOT NULL,
  `user_id` bigint(20) UNSIGNED DEFAULT NULL,
  `ip_address` varchar(45) DEFAULT NULL,
  `user_agent` text DEFAULT NULL,
  `payload` longtext NOT NULL,
  `last_activity` int(11) NOT NULL
) ENGINE=InnoDB DEFAULT CHARSET=utf8mb4 COLLATE=utf8mb4_unicode_ci;

--
-- Dumping data for table `sessions`
--

INSERT INTO `sessions` (`id`, `user_id`, `ip_address`, `user_agent`, `payload`, `last_activity`) VALUES
('3I2KScattIBhQswZFeaB8Z2HmquvtCXJDuRGNJTZ', 1, '127.0.0.1', 'Mozilla/5.0 (Windows NT 10.0; Win64; x64) AppleWebKit/537.36 (KHTML, like Gecko) Chrome/131.0.0.0 Safari/537.36', 'YTo1OntzOjY6Il90b2tlbiI7czo0MDoiWkNTNkpXbkZMZ2xYT0FKVmVOeUFLM0hOTktXOE42bTJGRjF5T1hDRiI7czo5OiJfcHJldmlvdXMiO2E6MTp7czozOiJ1cmwiO3M6NDc6Imh0dHA6Ly9sb2NhbGhvc3Q6ODAwMC9kYXNoYm9hcmQvdHJlbmQ/eWVhcj0yMDIwIjt9czo2OiJfZmxhc2giO2E6Mjp7czozOiJvbGQiO2E6MDp7fXM6MzoibmV3IjthOjA6e319czozOiJ1cmwiO2E6MDp7fXM6NTA6ImxvZ2luX3dlYl81OWJhMzZhZGRjMmIyZjk0MDE1ODBmMDE0YzdmNThlYTRlMzA5ODlkIjtpOjE7fQ==', 1732864320),
('76cFsmxLJCz2Xhye8DTOzL2b3Vpir39aoCPQrEm0', 1, '127.0.0.1', 'Mozilla/5.0 (Windows NT 10.0; Win64; x64; rv:133.0) Gecko/20100101 Firefox/133.0', 'YTo1OntzOjY6Il90b2tlbiI7czo0MDoieWxTUXpycVFUYzduNGh4VWFYd1JPYWpPbHdRRG82azVWNzJUMWxRbiI7czo5OiJfcHJldmlvdXMiO2E6MTp7czozOiJ1cmwiO3M6MzE6Imh0dHA6Ly9sb2NhbGhvc3Q6ODAwMC9kYXNoYm9hcmQiO31zOjY6Il9mbGFzaCI7YToyOntzOjM6Im9sZCI7YTowOnt9czozOiJuZXciO2E6MDp7fX1zOjM6InVybCI7YTowOnt9czo1MDoibG9naW5fd2ViXzU5YmEzNmFkZGMyYjJmOTQwMTU4MGYwMTRjN2Y1OGVhNGUzMDk4OWQiO2k6MTt9', 1733286467),
('7HM5NyWZ5BLzifwULn05jzpkGu18R5Rg9qVzBaB9', NULL, '127.0.0.1', 'Mozilla/5.0 (Windows NT 10.0; Win64; x64; rv:133.0) Gecko/20100101 Firefox/133.0', 'YTozOntzOjY6Il90b2tlbiI7czo0MDoicTdZMGtLSnQyaXltUTh6UGJocmg3T2dybUJFU1BNV1V1TThreWlJSyI7czo5OiJfcHJldmlvdXMiO2E6MTp7czozOiJ1cmwiO3M6Mjc6Imh0dHA6Ly9sb2NhbGhvc3Q6ODAwMC9sb2dpbiI7fXM6NjoiX2ZsYXNoIjthOjI6e3M6Mzoib2xkIjthOjA6e31zOjM6Im5ldyI7YTowOnt9fX0=', 1733189383),
('7pUqHgkLhz6yCdDQ0gXHhTBMC03wNV5i7AEfAKM1', 1, '127.0.0.1', 'Mozilla/5.0 (Windows NT 10.0; Win64; x64; rv:133.0) Gecko/20100101 Firefox/133.0', 'YTo1OntzOjY6Il90b2tlbiI7czo0MDoibkFkalpPMmNjaDZjaVRrVHkwUlZKRWlNUWJhNUVOaHlqaWwzejNFbyI7czo5OiJfcHJldmlvdXMiO2E6MTp7czozOiJ1cmwiO3M6MzA6Imh0dHA6Ly9sb2NhbGhvc3Q6ODAwMC9wcm9ibGVtcyI7fXM6NjoiX2ZsYXNoIjthOjI6e3M6Mzoib2xkIjthOjA6e31zOjM6Im5ldyI7YTowOnt9fXM6MzoidXJsIjthOjA6e31zOjUwOiJsb2dpbl93ZWJfNTliYTM2YWRkYzJiMmY5NDAxNTgwZjAxNGM3ZjU4ZWE0ZTMwOTg5ZCI7aToxO30=', 1733193596),
('84N8IWlb9fhjYsAC1rHfoXntR59KjG1A6Gh0r6aG', NULL, '127.0.0.1', 'Mozilla/5.0 (Windows NT 10.0; Win64; x64; rv:133.0) Gecko/20100101 Firefox/133.0', 'YTo0OntzOjY6Il90b2tlbiI7czo0MDoiY0p6TVFYRTBtSkRtb0VhQmw2Q3ZISlBpc0NpRFBhcnNJV0NPTG8wUCI7czozOiJ1cmwiO2E6MTp7czo4OiJpbnRlbmRlZCI7czozMToiaHR0cDovL2xvY2FsaG9zdDo4MDAwL2Rhc2hib2FyZCI7fXM6OToiX3ByZXZpb3VzIjthOjE6e3M6MzoidXJsIjtzOjMxOiJodHRwOi8vbG9jYWxob3N0OjgwMDAvZGFzaGJvYXJkIjt9czo2OiJfZmxhc2giO2E6Mjp7czozOiJvbGQiO2E6MDp7fXM6MzoibmV3IjthOjA6e319fQ==', 1733189382),
('BIlzqbL8m4B2LTIwiMiW8iJ2ftZRnPbUjmWPrdig', 1, '127.0.0.1', 'Mozilla/5.0 (Windows NT 10.0; Win64; x64; rv:133.0) Gecko/20100101 Firefox/133.0', 'YTo1OntzOjY6Il90b2tlbiI7czo0MDoiZWZPWVp5OFhCekVtYzRzVmhZSlZqNmFLQkdwQ052dmhEUjdCSzZrMCI7czo5OiJfcHJldmlvdXMiO2E6MTp7czozOiJ1cmwiO3M6MzE6Imh0dHA6Ly9sb2NhbGhvc3Q6ODAwMC9kYXNoYm9hcmQiO31zOjY6Il9mbGFzaCI7YToyOntzOjM6Im9sZCI7YTowOnt9czozOiJuZXciO2E6MDp7fX1zOjM6InVybCI7YTowOnt9czo1MDoibG9naW5fd2ViXzU5YmEzNmFkZGMyYjJmOTQwMTU4MGYwMTRjN2Y1OGVhNGUzMDk4OWQiO2k6MTt9', 1733322184),
('IX69k77wSedNZtDbqfgYjWGBXCTR44qaw6LCWtQg', NULL, '127.0.0.1', 'Mozilla/5.0 (Windows NT 10.0; Win64; x64; rv:132.0) Gecko/20100101 Firefox/132.0', 'YTozOntzOjY6Il90b2tlbiI7czo0MDoiY1V2eWJzZVo5UGpGdUs1em1KZEdFWmtKbHhVTDR5allocWRhUnU5cSI7czo5OiJfcHJldmlvdXMiO2E6MTp7czozOiJ1cmwiO3M6Mjc6Imh0dHA6Ly9sb2NhbGhvc3Q6ODAwMC9sb2dpbiI7fXM6NjoiX2ZsYXNoIjthOjI6e3M6Mzoib2xkIjthOjA6e31zOjM6Im5ldyI7YTowOnt9fX0=', 1732525526),
('LyJLYjxY1n8HulCENGmpMjbgWdy9rtBbKUOkhqgK', 2, '127.0.0.1', 'Mozilla/5.0 (Windows NT 10.0; Win64; x64; rv:133.0) Gecko/20100101 Firefox/133.0', 'YTo0OntzOjY6Il90b2tlbiI7czo0MDoiM2dzM2xhRXR3c1owNHNHOXgzVmlmWUJPZHdqeVpwT1hqSGJZSDZPaCI7czo2OiJfZmxhc2giO2E6Mjp7czozOiJvbGQiO2E6MDp7fXM6MzoibmV3IjthOjA6e319czo5OiJfcHJldmlvdXMiO2E6MTp7czozOiJ1cmwiO3M6MzE6Imh0dHA6Ly9sb2NhbGhvc3Q6ODAwMC9kYXNoYm9hcmQiO31zOjUwOiJsb2dpbl93ZWJfNTliYTM2YWRkYzJiMmY5NDAxNTgwZjAxNGM3ZjU4ZWE0ZTMwOTg5ZCI7aToyO30=', 1733306088),
('P0vnKcK2ibFeNRu95pkMl3tOheT9mBCtb2K2nvq0', 1, '127.0.0.1', 'Mozilla/5.0 (Windows NT 10.0; Win64; x64; rv:132.0) Gecko/20100101 Firefox/132.0', 'YTo1OntzOjY6Il90b2tlbiI7czo0MDoiV1ZmeVp4clByRnZzMFBHOEVQSDhiTEF5UUhmZXRhdkNSUEV6emllbyI7czo5OiJfcHJldmlvdXMiO2E6MTp7czozOiJ1cmwiO3M6NDc6Imh0dHA6Ly9sb2NhbGhvc3Q6ODAwMC9kYXNoYm9hcmQvdHJlbmQ/eWVhcj0yMDIwIjt9czo2OiJfZmxhc2giO2E6Mjp7czozOiJvbGQiO2E6MDp7fXM6MzoibmV3IjthOjA6e319czozOiJ1cmwiO2E6MDp7fXM6NTA6ImxvZ2luX3dlYl81OWJhMzZhZGRjMmIyZjk0MDE1ODBmMDE0YzdmNThlYTRlMzA5ODlkIjtpOjE7fQ==', 1732528253),
('U0c5C7zTuVjCWFEf7LvXr1U0CSRmoeBtXOWCqXun', NULL, '127.0.0.1', 'Mozilla/5.0 (Windows NT 10.0; Win64; x64; rv:132.0) Gecko/20100101 Firefox/132.0', 'YTo0OntzOjY6Il90b2tlbiI7czo0MDoiQmVUV2hreHV5RklONnJRaGxJUzZJdnQ5WXJmNGJQcmtEQXhRTE45RyI7czozOiJ1cmwiO2E6MTp7czo4OiJpbnRlbmRlZCI7czozNzoiaHR0cDovL2xvY2FsaG9zdDo4MDAwL3Byb2JsZW1zP3BhZ2U9MiI7fXM6OToiX3ByZXZpb3VzIjthOjE6e3M6MzoidXJsIjtzOjM3OiJodHRwOi8vbG9jYWxob3N0OjgwMDAvcHJvYmxlbXM/cGFnZT0yIjt9czo2OiJfZmxhc2giO2E6Mjp7czozOiJvbGQiO2E6MDp7fXM6MzoibmV3IjthOjA6e319fQ==', 1732525524),
('uLEHXICIHX6damonJQdk0ddhlzN7z98CGtsaJWw1', NULL, '127.0.0.1', 'Mozilla/5.0 (Windows NT 10.0; Win64; x64; rv:133.0) Gecko/20100101 Firefox/133.0', 'YTozOntzOjY6Il90b2tlbiI7czo0MDoibnJUbDNRaVZJN0JtZ3JBOE1aRUREVXZ1VzNwd0tTNzJucFJpd3JNQiI7czo5OiJfcHJldmlvdXMiO2E6MTp7czozOiJ1cmwiO3M6Mjc6Imh0dHA6Ly9sb2NhbGhvc3Q6ODAwMC9sb2dpbiI7fXM6NjoiX2ZsYXNoIjthOjI6e3M6Mzoib2xkIjthOjA6e31zOjM6Im5ldyI7YTowOnt9fX0=', 1733278304),
('WAj3oD5U9i23BnK5FgT6fupKpmEXDJlBCIEvJtEx', 1, '127.0.0.1', 'Mozilla/5.0 (Windows NT 10.0; Win64; x64; rv:133.0) Gecko/20100101 Firefox/133.0', 'YTo1OntzOjY6Il90b2tlbiI7czo0MDoiSGdHM09GUGNlMEFLaURNOWxTeFRXYWQ1SEhFNk9EVVpqR1BsUXpoZSI7czozOiJ1cmwiO2E6MDp7fXM6OToiX3ByZXZpb3VzIjthOjE6e3M6MzoidXJsIjtzOjM3OiJodHRwOi8vbG9jYWxob3N0OjgwMDAvYnJhbmNoZXM/cGFnZT0yIjt9czo2OiJfZmxhc2giO2E6Mjp7czozOiJvbGQiO2E6MDp7fXM6MzoibmV3IjthOjA6e319czo1MDoibG9naW5fd2ViXzU5YmEzNmFkZGMyYjJmOTQwMTU4MGYwMTRjN2Y1OGVhNGUzMDk4OWQiO2k6MTt9', 1733206520),
('yK4eJyRMvKuxIzMEu3sGn1fTi0Iyiln667KnjpFY', NULL, '127.0.0.1', 'Mozilla/5.0 (Windows NT 10.0; Win64; x64; rv:133.0) Gecko/20100101 Firefox/133.0', 'YTo0OntzOjY6Il90b2tlbiI7czo0MDoiUzIxV3A1QlJOOUxPRVJEblZJcjl4emcyN2RoTUd3SU1nb2pJSXJOViI7czozOiJ1cmwiO2E6MTp7czo4OiJpbnRlbmRlZCI7czozMToiaHR0cDovL2xvY2FsaG9zdDo4MDAwL2Rhc2hib2FyZCI7fXM6OToiX3ByZXZpb3VzIjthOjE6e3M6MzoidXJsIjtzOjMxOiJodHRwOi8vbG9jYWxob3N0OjgwMDAvZGFzaGJvYXJkIjt9czo2OiJfZmxhc2giO2E6Mjp7czozOiJvbGQiO2E6MDp7fXM6MzoibmV3IjthOjA6e319fQ==', 1733278304);

-- --------------------------------------------------------

--
-- Table structure for table `sub_categories`
--

CREATE TABLE `sub_categories` (
  `id` bigint(20) UNSIGNED NOT NULL,
  `category_id` bigint(20) UNSIGNED NOT NULL,
  `name` varchar(255) NOT NULL,
  `slug` varchar(255) NOT NULL,
  `created_at` timestamp NULL DEFAULT NULL,
  `updated_at` timestamp NULL DEFAULT NULL
) ENGINE=InnoDB DEFAULT CHARSET=utf8mb4 COLLATE=utf8mb4_unicode_ci;

--
-- Dumping data for table `sub_categories`
--

INSERT INTO `sub_categories` (`id`, `category_id`, `name`, `slug`, `created_at`, `updated_at`) VALUES
(12, 9, 'Input', 'input', '2024-11-14 00:39:46', '2024-11-14 00:39:46'),
(15, 9, 'Output', 'output', '2024-11-14 00:58:10', '2024-11-14 00:58:10'),
(16, 9, 'Process', 'process', '2024-11-18 07:48:26', '2024-11-18 07:48:26'),
(17, 9, 'Storage', 'storage', '2024-11-18 07:50:15', '2024-11-18 07:50:15'),
(18, 9, 'Additional Component', 'additional-component', '2024-11-18 07:51:16', '2024-11-18 07:51:16'),
(20, 10, 'Operating System', 'operating-system', '2024-11-20 23:53:52', '2024-11-20 23:53:52'),
(21, 10, 'Security', 'security', '2024-11-20 23:54:03', '2024-11-20 23:54:03'),
(22, 10, 'PROGRAM APPLICATION', 'program-application', '2024-11-20 23:54:14', '2024-11-20 23:54:14'),
(23, 10, 'SOFTWARE DESIGN', 'software-design', '2024-11-20 23:59:50', '2024-11-20 23:59:50'),
(24, 10, 'WEB APPLICATION', 'web-application', '2024-11-21 00:00:30', '2024-11-21 00:00:30'),
(25, 11, 'WEB APPLICATION', 'web-application', '2024-11-21 00:17:18', '2024-11-21 00:17:18'),
(26, 11, 'ADDITIONAL COMPONENT', 'additional-component', '2024-11-21 00:46:09', '2024-11-21 00:46:09'),
(27, 11, 'PROGRAM APPLICATION', 'program-application', '2024-11-21 02:27:02', '2024-11-21 02:27:02'),
(28, 11, 'OUTPUT', 'output', '2024-11-25 02:03:31', '2024-11-25 02:03:31'),
(29, 11, 'SECURITY', 'security', '2024-12-03 21:25:38', '2024-12-03 21:25:38');

-- --------------------------------------------------------

--
-- Table structure for table `sub_sub_categories`
--

CREATE TABLE `sub_sub_categories` (
  `id` bigint(20) UNSIGNED NOT NULL,
  `sub_category_id` bigint(20) UNSIGNED NOT NULL,
  `name` varchar(255) NOT NULL,
  `created_at` timestamp NULL DEFAULT NULL,
  `updated_at` timestamp NULL DEFAULT NULL
) ENGINE=InnoDB DEFAULT CHARSET=utf8mb4 COLLATE=utf8mb4_unicode_ci;

--
-- Dumping data for table `sub_sub_categories`
--

INSERT INTO `sub_sub_categories` (`id`, `sub_category_id`, `name`, `created_at`, `updated_at`) VALUES
(1, 12, 'Mouse', '2024-11-14 00:40:13', '2024-11-14 00:40:13'),
(6, 12, 'Keyboard', '2024-11-18 07:44:42', '2024-11-18 07:44:42'),
(7, 12, 'Scanner', '2024-11-18 07:44:54', '2024-11-18 07:44:54'),
(8, 12, 'Barcode Scanner', '2024-11-18 07:45:09', '2024-11-18 07:45:09'),
(9, 12, 'WEB Cam', '2024-11-18 07:45:26', '2024-11-18 07:45:26'),
(10, 12, 'Finger Print', '2024-11-18 07:45:39', '2024-11-18 07:45:39'),
(11, 12, 'DVDROM', '2024-11-18 07:45:53', '2024-11-18 07:45:53'),
(12, 12, 'Microphone', '2024-11-18 07:46:08', '2024-11-18 07:46:08'),
(13, 12, 'Sound Card', '2024-11-18 07:46:22', '2024-11-18 07:46:22'),
(14, 15, 'Monitor', '2024-11-18 07:47:06', '2024-11-18 07:47:06'),
(15, 15, 'Printer', '2024-11-18 07:47:17', '2024-11-18 07:47:17'),
(16, 15, 'Speaker', '2024-11-18 07:47:24', '2024-11-18 07:47:24'),
(17, 15, 'Projector', '2024-11-18 07:47:42', '2024-11-18 07:47:42'),
(18, 15, 'VGA Card', '2024-11-18 07:47:54', '2024-11-18 07:47:54'),
(19, 16, 'Power Supply', '2024-11-18 07:48:46', '2024-11-18 07:48:46'),
(20, 16, 'Motherboard', '2024-11-18 07:48:57', '2024-11-18 07:48:57'),
(21, 16, 'CMOS Battery', '2024-11-18 07:49:09', '2024-11-18 07:49:09'),
(22, 16, 'Processor', '2024-11-18 07:49:24', '2024-11-18 07:49:24'),
(23, 16, 'Memory', '2024-11-18 07:49:35', '2024-11-18 07:49:35'),
(24, 16, 'Komputer', '2024-11-18 07:49:45', '2024-11-18 07:49:45'),
(25, 17, 'HDD', '2024-11-18 07:50:37', '2024-11-18 07:50:37'),
(26, 17, 'SSD', '2024-11-18 07:50:45', '2024-11-18 07:50:45'),
(29, 18, 'PCI/E PARALLEL', '2024-11-20 23:41:04', '2024-11-20 23:41:04'),
(30, 18, 'PCI/E SERIAL', '2024-11-20 23:41:16', '2024-11-20 23:41:16'),
(31, 18, 'SWITCH', '2024-11-20 23:41:27', '2024-11-20 23:41:27'),
(32, 18, 'ROUTER', '2024-11-20 23:41:47', '2024-11-20 23:41:47'),
(33, 18, 'MEDIA CONVERTER FIBER-LAN', '2024-11-20 23:41:57', '2024-11-20 23:41:57'),
(34, 18, 'P2P', '2024-11-20 23:42:10', '2024-11-20 23:42:10'),
(35, 18, 'LAN CARD', '2024-11-20 23:50:01', '2024-11-20 23:50:01'),
(36, 18, 'WLAN', '2024-11-20 23:50:14', '2024-11-20 23:50:14'),
(37, 18, 'UPS', '2024-11-20 23:50:24', '2024-11-20 23:50:24'),
(38, 18, 'ISP', '2024-11-20 23:50:34', '2024-11-20 23:50:34'),
(39, 18, 'ADAPTOR', '2024-11-20 23:50:44', '2024-11-20 23:50:44'),
(40, 18, 'KABEL', '2024-11-20 23:50:56', '2024-11-20 23:50:56'),
(41, 18, 'JARINGAN', '2024-11-20 23:51:07', '2024-11-20 23:51:07'),
(42, 20, 'WINDOWS 98', '2024-11-20 23:54:28', '2024-11-20 23:54:28'),
(43, 20, 'WINDOWS XP', '2024-11-20 23:54:38', '2024-11-20 23:54:38'),
(44, 20, 'WINDOWS 7', '2024-11-20 23:54:48', '2024-11-20 23:54:48'),
(45, 20, 'WINDOWS 10', '2024-11-20 23:54:58', '2024-11-20 23:54:58'),
(46, 20, 'WINDOWS SERVER 2003', '2024-11-20 23:55:07', '2024-11-20 23:55:07'),
(47, 20, 'WINDOWS SERVER 2016', '2024-11-20 23:55:18', '2024-11-20 23:55:18'),
(48, 21, 'ANTIVIRUS', '2024-11-20 23:55:38', '2024-11-20 23:55:38'),
(49, 21, 'VIRUS', '2024-11-20 23:55:48', '2024-11-20 23:55:48'),
(50, 21, 'CCTV', '2024-11-20 23:55:59', '2024-11-20 23:55:59'),
(51, 21, 'DVR', '2024-11-20 23:56:10', '2024-11-20 23:56:10'),
(52, 21, 'ALARM', '2024-11-20 23:56:20', '2024-11-20 23:56:20'),
(53, 22, 'ICL', '2024-11-20 23:56:51', '2024-11-20 23:56:51'),
(54, 22, 'DAIS', '2024-11-20 23:57:00', '2024-11-20 23:57:00'),
(55, 22, 'FAKTUR', '2024-11-20 23:57:09', '2024-11-20 23:57:09'),
(56, 22, 'INV & INV-CSV', '2024-11-20 23:57:19', '2024-11-20 23:57:19'),
(57, 22, 'SV', '2024-11-20 23:58:25', '2024-11-20 23:58:25'),
(58, 22, 'E-FAKTUR', '2024-11-20 23:58:39', '2024-11-20 23:58:39'),
(59, 22, 'E-SPT', '2024-11-20 23:58:48', '2024-11-20 23:58:48'),
(60, 22, 'APLIKASI', '2024-11-20 23:58:58', '2024-11-20 23:58:58'),
(61, 22, 'EMAIL', '2024-11-20 23:59:09', '2024-11-20 23:59:09'),
(62, 22, 'OPSILON', '2024-11-20 23:59:18', '2024-11-20 23:59:18'),
(63, 23, 'SOLIDWORKS', '2024-11-21 00:00:02', '2024-11-21 00:00:02'),
(64, 23, 'AUTOCAD', '2024-11-21 00:00:11', '2024-11-21 00:00:11'),
(65, 24, 'B2B INDOMARCO', '2024-11-21 00:00:44', '2024-11-21 00:00:44'),
(66, 24, 'WEB E-FAKTUR', '2024-11-21 00:00:53', '2024-11-21 00:00:53'),
(67, 24, 'WEB PAJAK', '2024-11-21 00:01:03', '2024-11-21 00:01:03'),
(68, 24, 'WEB BPJS KESEHATAN', '2024-11-21 00:01:12', '2024-11-21 00:01:12'),
(69, 24, 'WEB BPJS KETENAGAKERJAAN', '2024-11-21 00:01:24', '2024-11-21 00:01:24'),
(70, 24, 'WEBMAIL', '2024-11-21 00:01:33', '2024-11-21 00:01:33'),
(71, 25, 'FAKTUR', '2024-11-21 00:18:09', '2024-11-21 00:18:09'),
(72, 26, 'ISP', '2024-11-21 00:46:23', '2024-11-21 00:46:23'),
(73, 25, 'E-FAKTUR', '2024-11-21 02:08:08', '2024-11-21 02:08:08'),
(74, 27, 'APLIKASI', '2024-11-21 02:27:18', '2024-11-21 02:27:18'),
(75, 27, 'ICL', '2024-11-21 02:57:34', '2024-11-21 02:57:34'),
(76, 27, 'DAIS', '2024-11-24 23:14:29', '2024-11-24 23:14:29'),
(77, 28, 'SPEAKER', '2024-11-25 02:03:43', '2024-11-25 02:03:43'),
(78, 28, 'PRINTER', '2024-11-25 02:26:45', '2024-11-25 02:26:45'),
(79, 27, 'PRINTER', '2024-12-02 19:18:36', '2024-12-02 19:18:36'),
(80, 27, 'INV & INV-CSV', '2024-12-03 21:13:40', '2024-12-03 21:13:40'),
(81, 28, 'MONITOR', '2024-12-03 21:19:58', '2024-12-03 21:19:58'),
(82, 29, 'CCTV', '2024-12-03 21:25:50', '2024-12-03 21:25:50');

-- --------------------------------------------------------

--
-- Table structure for table `users`
--

CREATE TABLE `users` (
  `id` bigint(20) UNSIGNED NOT NULL,
  `name` varchar(255) NOT NULL,
  `email` varchar(255) NOT NULL,
  `email_verified_at` timestamp NULL DEFAULT NULL,
  `password` varchar(255) NOT NULL,
  `remember_token` varchar(100) DEFAULT NULL,
  `created_at` timestamp NULL DEFAULT NULL,
  `updated_at` timestamp NULL DEFAULT NULL
) ENGINE=InnoDB DEFAULT CHARSET=utf8mb4 COLLATE=utf8mb4_unicode_ci;

--
-- Dumping data for table `users`
--

INSERT INTO `users` (`id`, `name`, `email`, `email_verified_at`, `password`, `remember_token`, `created_at`, `updated_at`) VALUES
(1, 'Admin', 'admin@gmail.com', NULL, '$2y$12$T/pNysx3iDt9Iy1TGruaAu4NZvOogMh0Hn1df8GTXdcMhs7M79y5.', NULL, '2024-11-20 19:10:52', '2024-11-20 19:10:52'),
(2, 'Keng Peterus', 'peterus@ica.id', NULL, '$2y$12$3Fs0OMogy4OjqFVOeHaIXeUZt221BcIa2lFQAyBc30WBO/dR5ZLgS', NULL, '2024-12-04 02:20:00', '2024-12-04 02:20:00');

--
-- Indexes for dumped tables
--

--
-- Indexes for table `branches`
--
ALTER TABLE `branches`
  ADD PRIMARY KEY (`id`);

--
-- Indexes for table `cache`
--
ALTER TABLE `cache`
  ADD PRIMARY KEY (`key`);

--
-- Indexes for table `cache_locks`
--
ALTER TABLE `cache_locks`
  ADD PRIMARY KEY (`key`);

--
-- Indexes for table `categories`
--
ALTER TABLE `categories`
  ADD PRIMARY KEY (`id`);

--
-- Indexes for table `failed_jobs`
--
ALTER TABLE `failed_jobs`
  ADD PRIMARY KEY (`id`),
  ADD UNIQUE KEY `failed_jobs_uuid_unique` (`uuid`);

--
-- Indexes for table `jobs`
--
ALTER TABLE `jobs`
  ADD PRIMARY KEY (`id`),
  ADD KEY `jobs_queue_index` (`queue`);

--
-- Indexes for table `job_batches`
--
ALTER TABLE `job_batches`
  ADD PRIMARY KEY (`id`);

--
-- Indexes for table `migrations`
--
ALTER TABLE `migrations`
  ADD PRIMARY KEY (`id`);

--
-- Indexes for table `password_reset_tokens`
--
ALTER TABLE `password_reset_tokens`
  ADD PRIMARY KEY (`email`);

--
-- Indexes for table `problem_reports`
--
ALTER TABLE `problem_reports`
  ADD PRIMARY KEY (`id`),
  ADD KEY `problem_reports_category_id_foreign` (`category_id`),
  ADD KEY `problem_reports_subcategory_id_foreign` (`subcategory_id`),
  ADD KEY `problem_reports_subsubcategory_id_foreign` (`subsubcategory_id`),
  ADD KEY `problem_reports_branch_id_foreign` (`branch_id`);

--
-- Indexes for table `sessions`
--
ALTER TABLE `sessions`
  ADD PRIMARY KEY (`id`),
  ADD KEY `sessions_user_id_index` (`user_id`),
  ADD KEY `sessions_last_activity_index` (`last_activity`);

--
-- Indexes for table `sub_categories`
--
ALTER TABLE `sub_categories`
  ADD PRIMARY KEY (`id`),
  ADD KEY `sub_categories_category_id_foreign` (`category_id`);

--
-- Indexes for table `sub_sub_categories`
--
ALTER TABLE `sub_sub_categories`
  ADD PRIMARY KEY (`id`),
  ADD KEY `sub_sub_categories_sub_category_id_foreign` (`sub_category_id`);

--
-- Indexes for table `users`
--
ALTER TABLE `users`
  ADD PRIMARY KEY (`id`),
  ADD UNIQUE KEY `users_email_unique` (`email`);

--
-- AUTO_INCREMENT for dumped tables
--

--
-- AUTO_INCREMENT for table `branches`
--
ALTER TABLE `branches`
  MODIFY `id` bigint(20) UNSIGNED NOT NULL AUTO_INCREMENT, AUTO_INCREMENT=24;

--
-- AUTO_INCREMENT for table `categories`
--
ALTER TABLE `categories`
  MODIFY `id` bigint(20) UNSIGNED NOT NULL AUTO_INCREMENT, AUTO_INCREMENT=12;

--
-- AUTO_INCREMENT for table `failed_jobs`
--
ALTER TABLE `failed_jobs`
  MODIFY `id` bigint(20) UNSIGNED NOT NULL AUTO_INCREMENT;

--
-- AUTO_INCREMENT for table `jobs`
--
ALTER TABLE `jobs`
  MODIFY `id` bigint(20) UNSIGNED NOT NULL AUTO_INCREMENT;

--
-- AUTO_INCREMENT for table `migrations`
--
ALTER TABLE `migrations`
  MODIFY `id` int(10) UNSIGNED NOT NULL AUTO_INCREMENT, AUTO_INCREMENT=12;

--
-- AUTO_INCREMENT for table `problem_reports`
--
ALTER TABLE `problem_reports`
  MODIFY `id` bigint(20) UNSIGNED NOT NULL AUTO_INCREMENT, AUTO_INCREMENT=749;

--
-- AUTO_INCREMENT for table `sub_categories`
--
ALTER TABLE `sub_categories`
  MODIFY `id` bigint(20) UNSIGNED NOT NULL AUTO_INCREMENT, AUTO_INCREMENT=30;

--
-- AUTO_INCREMENT for table `sub_sub_categories`
--
ALTER TABLE `sub_sub_categories`
  MODIFY `id` bigint(20) UNSIGNED NOT NULL AUTO_INCREMENT, AUTO_INCREMENT=83;

--
-- AUTO_INCREMENT for table `users`
--
ALTER TABLE `users`
  MODIFY `id` bigint(20) UNSIGNED NOT NULL AUTO_INCREMENT, AUTO_INCREMENT=3;

--
-- Constraints for dumped tables
--

--
-- Constraints for table `problem_reports`
--
ALTER TABLE `problem_reports`
  ADD CONSTRAINT `problem_reports_branch_id_foreign` FOREIGN KEY (`branch_id`) REFERENCES `branches` (`id`) ON DELETE CASCADE,
  ADD CONSTRAINT `problem_reports_category_id_foreign` FOREIGN KEY (`category_id`) REFERENCES `categories` (`id`) ON DELETE CASCADE,
  ADD CONSTRAINT `problem_reports_subcategory_id_foreign` FOREIGN KEY (`subcategory_id`) REFERENCES `sub_categories` (`id`) ON DELETE CASCADE,
  ADD CONSTRAINT `problem_reports_subsubcategory_id_foreign` FOREIGN KEY (`subsubcategory_id`) REFERENCES `sub_sub_categories` (`id`) ON DELETE CASCADE;

--
-- Constraints for table `sub_categories`
--
ALTER TABLE `sub_categories`
  ADD CONSTRAINT `sub_categories_category_id_foreign` FOREIGN KEY (`category_id`) REFERENCES `categories` (`id`) ON DELETE CASCADE;

--
-- Constraints for table `sub_sub_categories`
--
ALTER TABLE `sub_sub_categories`
  ADD CONSTRAINT `sub_sub_categories_sub_category_id_foreign` FOREIGN KEY (`sub_category_id`) REFERENCES `sub_categories` (`id`);
COMMIT;

/*!40101 SET CHARACTER_SET_CLIENT=@OLD_CHARACTER_SET_CLIENT */;
/*!40101 SET CHARACTER_SET_RESULTS=@OLD_CHARACTER_SET_RESULTS */;
/*!40101 SET COLLATION_CONNECTION=@OLD_COLLATION_CONNECTION */;
